SpeakerID,Filename,SNR_dB
4d13g,4d13g_EN-OL-RC-426_1.wav,9.23
3a12e,3a12e_EN-OL-RC-234_2.wav,63.95
5b21g,5b21g_EN-OL-RC-538_2.wav,26.66
5a21b,5a21b_EN-OL-RC-538_1.wav,12.68
3d41g,3d41g_EN-OL-RC-234_2.wav,11.0
3d41g,3d41g_EN-OL-RC-234_1.wav,9.82
4b7b,4b7b_EN-OL-RC-426_1.wav,13.66
4b7b,4b7b_EN-OL-RC-426_2.wav,13.16
5c18g,5c18g_EN-OL-RC-538_2.wav,7.36
5a1f,5a1f_EN-OL-RC-538_1.wav,15.21
5a1f,5a1f_EN-OL-RC-538_2.wav,17.82
4b18g,4b18g_EN-OL-RC-426_2.wav,22.13
4b18g,4b18g_EN-OL-RC-426_1.wav,22.03
3d17g,3d17g_EN-OL-RC-234_2.wav,21.51
3d17g,3d17g_EN-OL-RC-234_1.wav,22.08
3d27g,3d27g_EN-OL-RC-234_2.wav,16.84
3a3f,3a3f_EN-OL-RC-234_1.wav,25.18
5a40c,5a40c_EN-OL-RC-538_2.wav,21.26
3a42c,3a42c_EN-OL-RC-234_1.wav,11.11
5b26h,5b26h_EN-OL-RC-538_2.wav,13.25
4a19k,4a19k_EN-OL-RC-426_1.wav,13.96
5a10c,5a10c_EN-OL-RC-538_1.wav,41.07
4d7c,4d7c_EN-OL-RC-426_2.wav,7.93
4d7c,4d7c_EN-OL-RC-426_1.wav,7.24
5a32h,5a32h_EN-OL-RC-538_2.wav,22.62
5a32h,5a32h_EN-OL-RC-538_1.wav,20.52
5a36a,5a36a_EN-OL-RC-538_1.wav,14.43
5a36a,5a36a_EN-OL-RC-538_2.wav,17.0
4d25c,4d25c_EN-OL-RC-426_1.wav,7.13
5b30k,5b30k_EN-OL-RC-538_1.wav,12.72
4a35g,4a35g_EN-OL-RC-426_2.wav,19.09
4a35g,4a35g_EN-OL-RC-426_1.wav,17.31
3d39g,3d39g_EN-OL-RC-234_2.wav,13.43
5b33g,5b33g_EN-OL-RC-538_2.wav,16.51
5b33g,5b33g_EN-OL-RC-538_1.wav,8.51
5c47a,5c47a_EN-OL-RC-538_1.wav,25.3
5b11k,5b11k_EN-OL-RC-538_2.wav,13.29
5b11k,5b11k_EN-OL-RC-538_1.wav,13.81
4a40k,4a40k_EN-OL-RC-426_2.wav,15.4
5a50c,5a50c_EN-OL-RC-538_1.wav,28.94
5a50c,5a50c_EN-OL-RC-538_2.wav,21.24
5d21g,5d21g_EN-OL-RC-538_1.wav,10.92
3c47c,3c47c_EN-OL-RC-234_2.wav,6.92
5b4b,5b4b_EN-OL-RC-538_2.wav,43.58
5b4b,5b4b_EN-OL-RC-538_1.wav,36.51
3c42g,3c42g_EN-OL-RC-234_1.wav,16.49
3a43g,3a43g_EN-OL-RC-234_1.wav,17.24
5c7g,5c7g_EN-OL-RC-538_1.wav,17.84
5c7g,5c7g_EN-OL-RC-538_2.wav,9.39
3b8c,3b8c_EN-OL-RC-234_1.wav,6.61
5c44c,5c44c_EN-OL-RC-538_1.wav,37.06
5c44c,5c44c_EN-OL-RC-538_2.wav,55.62
4a25f,4a25f_EN-OL-RC-426_2.wav,21.61
4a25f,4a25f_EN-OL-RC-426_1.wav,21.18
3a44g,3a44g_EN-OL-RC-234_1.wav,10.62
4c16g,4c16g_EN-OL-RC-426_1.wav,14.46
4c16g,4c16g_EN-OL-RC-426_2.wav,17.18
3a49g,3a49g_EN-OL-RC-234_1.wav,13.82
5b50c,5b50c_EN-OL-RC-538_2.wav,21.1
5b50c,5b50c_EN-OL-RC-538_1.wav,16.38
4a11g,4a11g_EN-OL-RC-426_1.wav,18.94
3b43g,3b43g_EN-OL-RC-234_2.wav,24.47
3b43g,3b43g_EN-OL-RC-234_1.wav,21.24
5b14g,5b14g_EN-OL-RC-538_1.wav,11.72
5a1a,5a1a_EN-OL-RC-538_1.wav,24.04
5a1a,5a1a_EN-OL-RC-538_2.wav,27.5
3d20g,3d20g_EN-OL-RC-234_2.wav,16.5
3d20g,3d20g_EN-OL-RC-234_1.wav,15.26
5d35g,5d35g_EN-OL-RC-538_2.wav,14.7
4b18k,4b18k_EN-OL-RC-426_2.wav,17.34
4b18k,4b18k_EN-OL-RC-426_1.wav,14.71
4b17g,4b17g_EN-OL-RC-426_1.wav,35.44
5b20f,5b20f_EN-OL-RC-538_1.wav,28.16
3c39b,3c39b_EN-OL-RC-234_2.wav,12.04
3b27c,3b27c_EN-OL-RC-234_1.wav,20.43
5b34f,5b34f_EN-OL-RC-538_1.wav,15.31
5b34f,5b34f_EN-OL-RC-538_2.wav,19.28
4a28a,4a28a_EN-OL-RC-426_2.wav,32.73
5b18a,5b18a_EN-OL-RC-538_2.wav,15.64
3a18c,3a18c_EN-OL-RC-234_2.wav,25.71
4b36c,4b36c_EN-OL-RC-426_2.wav,12.06
4a47k,4a47k_EN-OL-RC-426_2.wav,15.92
3b18g,3b18g_EN-OL-RC-234_1.wav,6.38
5a26g,5a26g_EN-OL-RC-538_1.wav,13.06
5c22b,5c22b_EN-OL-RC-538_2.wav,36.61
5c22b,5c22b_EN-OL-RC-538_1.wav,25.66
5b39g,5b39g_EN-OL-RC-538_1.wav,23.8
5a36d,5a36d_EN-OL-RC-538_1.wav,100.0
3b30b,3b30b_EN-OL-RC-234_2.wav,63.73
5a19a,5a19a_EN-OL-RC-538_1.wav,17.89
5a19a,5a19a_EN-OL-RC-538_2.wav,17.16
5b41g,5b41g_EN-OL-RC-538_1.wav,21.88
4a17a,4a17a_EN-OL-RC-426_1.wav,27.25
4a17a,4a17a_EN-OL-RC-426_2.wav,26.63
5b41f,5b41f_EN-OL-RC-538_2.wav,65.82
4b21k,4b21k_EN-OL-RC-426_1.wav,17.2
5c3b,5c3b_EN-OL-RC-538_1.wav,44.37
5a35d,5a35d_EN-OL-RC-538_2.wav,98.89
5c23c,5c23c_EN-OL-RC-538_2.wav,58.92
5c23c,5c23c_EN-OL-RC-538_1.wav,35.7
5a33k,5a33k_EN-OL-RC-538_2.wav,98.49
5b32h,5b32h_EN-OL-RC-538_1.wav,7.94
5b32h,5b32h_EN-OL-RC-538_2.wav,9.04
5d47c,5d47c_EN-OL-RC-538_1.wav,34.02
4c12b,4c12b_EN-OL-RC-426_2.wav,28.46
4c12b,4c12b_EN-OL-RC-426_1.wav,25.13
5b33c,5b33c_EN-OL-RC-538_2.wav,15.74
5b33c,5b33c_EN-OL-RC-538_1.wav,14.48
5c1c,5c1c_EN-OL-RC-538_2.wav,74.67
5c1c,5c1c_EN-OL-RC-538_1.wav,79.61
5c8c,5c8c_EN-OL-RC-538_1.wav,39.24
5a54f,5a54f_EN-OL-RC-538_2.wav,15.23
5a54f,5a54f_EN-OL-RC-538_1.wav,12.71
4d50g,4d50g_EN-OL-RC-426_2.wav,7.05
5a63j,5a63j_EN-OL-RC-538_1.wav,20.17
5b2f,5b2f_EN-OL-RC-538_2.wav,27.21
5d6c,5d6c_EN-OL-RC-538_2.wav,23.74
3a23c,3a23c_EN-OL-RC-234_1.wav,13.11
3a23c,3a23c_EN-OL-RC-234_2.wav,13.05
5a40b,5a40b_EN-OL-RC-538_2.wav,16.31
5a40b,5a40b_EN-OL-RC-538_1.wav,13.88
3b12c,3b12c_EN-OL-RC-234_2.wav,13.28
5b26f,5b26f_EN-OL-RC-538_1.wav,24.7
3d40c,3d40c_EN-OL-RC-234_2.wav,8.24
3d40c,3d40c_EN-OL-RC-234_1.wav,7.38
4a52g,4a52g_EN-OL-RC-426_1.wav,23.74
4d5g,4d5g_EN-OL-RC-426_2.wav,5.58
4d5g,4d5g_EN-OL-RC-426_1.wav,4.5
3b20g,3b20g_EN-OL-RC-234_2.wav,9.87
3b20g,3b20g_EN-OL-RC-234_1.wav,16.3
4d30c,4d30c_EN-OL-RC-426_2.wav,2.95
4d30c,4d30c_EN-OL-RC-426_1.wav,3.4
3d42g,3d42g_EN-OL-RC-234_1.wav,13.97
3d42g,3d42g_EN-OL-RC-234_2.wav,14.86
4b7g,4b7g_EN-OL-RC-426_1.wav,23.35
4b7g,4b7g_EN-OL-RC-426_2.wav,23.33
5a53f,5a53f_EN-OL-RC-538_1.wav,12.58
5b26k,5b26k_EN-OL-RC-538_2.wav,11.33
5b26k,5b26k_EN-OL-RC-538_1.wav,10.28
3b41a,3b41a_EN-OL-RC-234_2.wav,11.72
3b41a,3b41a_EN-OL-RC-234_1.wav,10.25
4a37f,4a37f_EN-OL-RC-426_1.wav,25.71
4a37f,4a37f_EN-OL-RC-426_2.wav,33.54
5a46g,5a46g_EN-OL-RC-538_2.wav,11.87
5a46g,5a46g_EN-OL-RC-538_1.wav,13.34
3d48g,3d48g_EN-OL-RC-234_1.wav,13.96
3d48g,3d48g_EN-OL-RC-234_2.wav,21.58
5a34c,5a34c_EN-OL-RC-538_1.wav,67.69
5a34c,5a34c_EN-OL-RC-538_2.wav,65.42
3c3a,3c3a_EN-OL-RC-234_2.wav,4.07
3c3a,3c3a_EN-OL-RC-234_1.wav,8.94
5b32k,5b32k_EN-OL-RC-538_2.wav,13.41
5b2c,5b2c_EN-OL-RC-538_2.wav,15.78
5b2c,5b2c_EN-OL-RC-538_1.wav,14.86
5a17g,5a17g_EN-OL-RC-538_1.wav,19.0
4a26a,4a26a_EN-OL-RC-426_2.wav,33.09
3a4h,3a4h_EN-OL-RC-234_1.wav,19.31
3a4h,3a4h_EN-OL-RC-234_2.wav,22.33
4b27g,4b27g_EN-OL-RC-426_1.wav,19.0
4a38d,4a38d_EN-OL-RC-426_2.wav,89.96
4a38d,4a38d_EN-OL-RC-426_1.wav,90.86
4b2g,4b2g_EN-OL-RC-426_1.wav,39.04
5b44c,5b44c_EN-OL-RC-538_2.wav,23.0
5b44c,5b44c_EN-OL-RC-538_1.wav,24.0
4a20k,4a20k_EN-OL-RC-426_2.wav,15.76
4a20k,4a20k_EN-OL-RC-426_1.wav,17.72
4a21k,4a21k_EN-OL-RC-426_1.wav,14.77
4a21k,4a21k_EN-OL-RC-426_2.wav,16.94
5b10a,5b10a_EN-OL-RC-538_1.wav,22.21
3b6b,3b6b_EN-OL-RC-234_1.wav,64.95
3b6b,3b6b_EN-OL-RC-234_2.wav,37.66
4a30f,4a30f_EN-OL-RC-426_2.wav,70.45
5a18k,5a18k_EN-OL-RC-538_1.wav,23.11
5a18k,5a18k_EN-OL-RC-538_2.wav,31.34
5a34k,5a34k_EN-OL-RC-538_2.wav,77.11
5a34k,5a34k_EN-OL-RC-538_1.wav,54.24
4b35b,4b35b_EN-OL-RC-426_1.wav,15.66
4b35b,4b35b_EN-OL-RC-426_2.wav,13.31
4c8a,4c8a_EN-OL-RC-426_2.wav,14.85
4c8a,4c8a_EN-OL-RC-426_1.wav,21.72
5a6a,5a6a_EN-OL-RC-538_2.wav,14.87
4c34b,4c34b_EN-OL-RC-426_1.wav,23.88
5b33k,5b33k_EN-OL-RC-538_1.wav,25.07
5b5f,5b5f_EN-OL-RC-538_2.wav,21.42
5b5f,5b5f_EN-OL-RC-538_1.wav,18.75
5a46k,5a46k_EN-OL-RC-538_1.wav,31.97
5c19c,5c19c_EN-OL-RC-538_2.wav,83.11
4a5f,4a5f_EN-OL-RC-426_1.wav,14.97
3a6c,3a6c_EN-OL-RC-234_2.wav,11.76
3a6c,3a6c_EN-OL-RC-234_1.wav,11.87
5a28a,5a28a_EN-OL-RC-538_2.wav,28.73
5a28a,5a28a_EN-OL-RC-538_1.wav,20.62
5c9a,5c9a_EN-OL-RC-538_2.wav,26.23
3a2g,3a2g_EN-OL-RC-234_2.wav,8.28
3a2g,3a2g_EN-OL-RC-234_1.wav,13.69
5b1c,5b1c_EN-OL-RC-538_1.wav,20.28
5b1c,5b1c_EN-OL-RC-538_2.wav,22.73
3a18g,3a18g_EN-OL-RC-234_1.wav,25.27
3a18g,3a18g_EN-OL-RC-234_2.wav,26.78
5a24k,5a24k_EN-OL-RC-538_1.wav,57.45
4b12f,4b12f_EN-OL-RC-426_2.wav,13.3
4b12f,4b12f_EN-OL-RC-426_1.wav,13.22
3c35g,3c35g_EN-OL-RC-234_1.wav,17.84
3c35g,3c35g_EN-OL-RC-234_2.wav,26.88
4b45f,4b45f_EN-OL-RC-426_2.wav,10.58
4b45f,4b45f_EN-OL-RC-426_1.wav,10.06
3c42a,3c42a_EN-OL-RC-234_1.wav,6.89
4c41g,4c41g_EN-OL-RC-426_2.wav,21.86
4b8k,4b8k_EN-OL-RC-426_1.wav,25.81
4b8k,4b8k_EN-OL-RC-426_2.wav,29.55
5a51c,5a51c_EN-OL-RC-538_1.wav,26.38
5a51c,5a51c_EN-OL-RC-538_2.wav,24.88
5d50c,5d50c_EN-OL-RC-538_1.wav,21.96
5d50c,5d50c_EN-OL-RC-538_2.wav,27.42
4b9f,4b9f_EN-OL-RC-426_2.wav,9.21
5a9j,5a9j_EN-OL-RC-538_1.wav,7.11
3c56g,3c56g_EN-OL-RC-234_1.wav,25.52
3c56g,3c56g_EN-OL-RC-234_2.wav,21.97
4c9a,4c9a_EN-OL-RC-426_2.wav,26.92
4c9a,4c9a_EN-OL-RC-426_1.wav,28.13
4b54f,4b54f_EN-OL-RC-426_1.wav,5.41
5d32g,5d32g_EN-OL-RC-538_1.wav,11.48
5a22a,5a22a_EN-OL-RC-538_1.wav,27.31
5a22a,5a22a_EN-OL-RC-538_2.wav,30.68
3a33g,3a33g_EN-OL-RC-234_1.wav,12.16
3a33g,3a33g_EN-OL-RC-234_2.wav,12.23
5a21g,5a21g_EN-OL-RC-538_1.wav,19.12
5a21g,5a21g_EN-OL-RC-538_2.wav,18.75
4a27j,4a27j_EN-OL-RC-426_2.wav,28.51
4a27j,4a27j_EN-OL-RC-426_1.wav,59.57
3c12b,3c12b_EN-OL-RC-234_2.wav,17.48
3c12b,3c12b_EN-OL-RC-234_1.wav,16.68
5b30f,5b30f_EN-OL-RC-538_2.wav,17.47
5c17g,5c17g_EN-OL-RC-538_2.wav,3.2
5d37g,5d37g_EN-OL-RC-538_1.wav,14.12
4a18g,4a18g_EN-OL-RC-426_1.wav,16.06
4a18g,4a18g_EN-OL-RC-426_2.wav,13.77
4c43b,4c43b_EN-OL-RC-426_1.wav,19.06
4c43b,4c43b_EN-OL-RC-426_2.wav,25.5
3d44g,3d44g_EN-OL-RC-234_1.wav,15.29
4a48a,4a48a_EN-OL-RC-426_1.wav,20.12
4a48a,4a48a_EN-OL-RC-426_2.wav,19.76
4a25c,4a25c_EN-OL-RC-426_1.wav,9.19
4a25c,4a25c_EN-OL-RC-426_2.wav,12.12
4b47c,4b47c_EN-OL-RC-426_1.wav,10.15
4b20f,4b20f_EN-OL-RC-426_1.wav,12.47
4c41b,4c41b_EN-OL-RC-426_2.wav,21.58
3d51g,3d51g_EN-OL-RC-234_1.wav,22.66
5a58j,5a58j_EN-OL-RC-538_2.wav,8.72
5c31g,5c31g_EN-OL-RC-538_1.wav,7.84
3a10g,3a10g_EN-OL-RC-234_2.wav,25.04
3a11c,3a11c_EN-OL-RC-234_1.wav,7.27
3a11c,3a11c_EN-OL-RC-234_2.wav,8.88
3b10b,3b10b_EN-OL-RC-234_2.wav,43.67
4d5c,4d5c_EN-OL-RC-426_1.wav,7.43
3b52f,3b52f_EN-OL-RC-234_1.wav,30.73
3b52f,3b52f_EN-OL-RC-234_2.wav,30.57
3c23a,3c23a_EN-OL-RC-234_2.wav,10.11
5b27k,5b27k_EN-OL-RC-538_2.wav,18.24
5a38b,5a38b_EN-OL-RC-538_2.wav,12.05
3c9g,3c9g_EN-OL-RC-234_1.wav,26.46
4b36k,4b36k_EN-OL-RC-426_2.wav,18.4
4b15k,4b15k_EN-OL-RC-426_1.wav,12.43
4a9g,4a9g_EN-OL-RC-426_1.wav,15.86
4a9g,4a9g_EN-OL-RC-426_2.wav,18.72
3a8a,3a8a_EN-OL-RC-234_2.wav,10.43
4a42c,4a42c_EN-OL-RC-426_1.wav,10.92
5d10c,5d10c_EN-OL-RC-538_1.wav,46.62
5d10c,5d10c_EN-OL-RC-538_2.wav,33.6
4b46f,4b46f_EN-OL-RC-426_2.wav,10.26
4b46f,4b46f_EN-OL-RC-426_1.wav,8.13
4b28b,4b28b_EN-OL-RC-426_1.wav,15.02
4b29c,4b29c_EN-OL-RC-426_1.wav,11.78
5b24k,5b24k_EN-OL-RC-538_2.wav,15.11
5b24k,5b24k_EN-OL-RC-538_1.wav,9.24
3b18a,3b18a_EN-OL-RC-234_1.wav,26.57
4a36k,4a36k_EN-OL-RC-426_1.wav,11.86
3a34k,3a34k_EN-OL-RC-234_2.wav,22.91
3a34k,3a34k_EN-OL-RC-234_1.wav,23.98
5c21c,5c21c_EN-OL-RC-538_1.wav,62.07
5b38g,5b38g_EN-OL-RC-538_2.wav,20.81
5b38g,5b38g_EN-OL-RC-538_1.wav,20.57
3d33c,3d33c_EN-OL-RC-234_1.wav,7.94
4a34f,4a34f_EN-OL-RC-426_2.wav,26.3
4a34f,4a34f_EN-OL-RC-426_1.wav,30.1
5c16c,5c16c_EN-OL-RC-538_1.wav,67.97
5c16c,5c16c_EN-OL-RC-538_2.wav,71.23
4d25g,4d25g_EN-OL-RC-426_1.wav,5.87
4d25g,4d25g_EN-OL-RC-426_2.wav,8.42
5a25j,5a25j_EN-OL-RC-538_1.wav,14.4
4a18b,4a18b_EN-OL-RC-426_2.wav,35.86
4a18b,4a18b_EN-OL-RC-426_1.wav,27.47
4d36c,4d36c_EN-OL-RC-426_1.wav,5.08
3c14c,3c14c_EN-OL-RC-234_1.wav,5.0
5c26a,5c26a_EN-OL-RC-538_2.wav,23.22
3c2c,3c2c_EN-OL-RC-234_2.wav,16.54
4c48g,4c48g_EN-OL-RC-426_2.wav,20.03
3a13c,3a13c_EN-OL-RC-234_2.wav,21.81
3d6c,3d6c_EN-OL-RC-234_1.wav,31.21
3a5b,3a5b_EN-OL-RC-234_2.wav,32.41
3a5b,3a5b_EN-OL-RC-234_1.wav,29.9
5a41b,5a41b_EN-OL-RC-538_1.wav,13.26
5a41b,5a41b_EN-OL-RC-538_2.wav,14.67
5a37k,5a37k_EN-OL-RC-538_2.wav,91.24
3b10f,3b10f_EN-OL-RC-234_2.wav,27.33
3b10f,3b10f_EN-OL-RC-234_1.wav,22.5
5a3d,5a3d_EN-OL-RC-538_1.wav,85.44
4b20g,4b20g_EN-OL-RC-426_2.wav,21.35
4b20g,4b20g_EN-OL-RC-426_1.wav,20.91
3b14g,3b14g_EN-OL-RC-234_1.wav,25.55
3b14g,3b14g_EN-OL-RC-234_2.wav,26.45
4a27k,4a27k_EN-OL-RC-426_2.wav,9.32
4a20c,4a20c_EN-OL-RC-426_1.wav,9.36
5a3c,5a3c_EN-OL-RC-538_2.wav,33.41
5a3c,5a3c_EN-OL-RC-538_1.wav,37.11
3d35g,3d35g_EN-OL-RC-234_2.wav,27.44
4a2c,4a2c_EN-OL-RC-426_2.wav,13.46
4a2c,4a2c_EN-OL-RC-426_1.wav,15.06
4a43g,4a43g_EN-OL-RC-426_2.wav,18.08
4a43g,4a43g_EN-OL-RC-426_1.wav,15.7
3d14g,3d14g_EN-OL-RC-234_2.wav,18.15
3d14g,3d14g_EN-OL-RC-234_1.wav,18.83
4c18g,4c18g_EN-OL-RC-426_1.wav,24.38
4c18g,4c18g_EN-OL-RC-426_2.wav,22.05
3b47a,3b47a_EN-OL-RC-234_1.wav,11.65
3b47a,3b47a_EN-OL-RC-234_2.wav,15.03
4a7j,4a7j_EN-OL-RC-426_2.wav,56.2
4a7j,4a7j_EN-OL-RC-426_1.wav,37.2
3b34a,3b34a_EN-OL-RC-234_2.wav,11.15
4a13g,4a13g_EN-OL-RC-426_2.wav,19.69
4a13g,4a13g_EN-OL-RC-426_1.wav,18.86
3a38f,3a38f_EN-OL-RC-234_1.wav,77.06
3a31f,3a31f_EN-OL-RC-234_2.wav,41.83
3a31f,3a31f_EN-OL-RC-234_1.wav,35.81
5c14g,5c14g_EN-OL-RC-538_1.wav,9.44
3c40b,3c40b_EN-OL-RC-234_2.wav,57.4
3c40b,3c40b_EN-OL-RC-234_1.wav,19.33
3b43b,3b43b_EN-OL-RC-234_1.wav,66.82
3b43b,3b43b_EN-OL-RC-234_2.wav,67.46
3b46g,3b46g_EN-OL-RC-234_1.wav,6.31
3b46g,3b46g_EN-OL-RC-234_2.wav,9.97
5a19j,5a19j_EN-OL-RC-538_1.wav,14.76
3d19c,3d19c_EN-OL-RC-234_2.wav,13.48
3d19c,3d19c_EN-OL-RC-234_1.wav,13.41
3a7f,3a7f_EN-OL-RC-234_2.wav,87.32
3a7f,3a7f_EN-OL-RC-234_1.wav,64.15
5a2a,5a2a_EN-OL-RC-538_1.wav,20.18
5a11k,5a11k_EN-OL-RC-538_2.wav,39.0
5a11k,5a11k_EN-OL-RC-538_1.wav,37.79
4d43g,4d43g_EN-OL-RC-426_2.wav,11.43
4a30a,4a30a_EN-OL-RC-426_2.wav,24.18
3c21g,3c21g_EN-OL-RC-234_1.wav,69.57
4b17f,4b17f_EN-OL-RC-426_1.wav,9.0
3d46g,3d46g_EN-OL-RC-234_1.wav,13.45
3b22b,3b22b_EN-OL-RC-234_2.wav,22.57
3b22b,3b22b_EN-OL-RC-234_1.wav,24.44
3d44c,3d44c_EN-OL-RC-234_2.wav,20.35
4c6b,4c6b_EN-OL-RC-426_1.wav,51.08
5a31c,5a31c_EN-OL-RC-538_2.wav,36.98
5a31c,5a31c_EN-OL-RC-538_1.wav,35.02
5a44j,5a44j_EN-OL-RC-538_2.wav,10.73
5c44b,5c44b_EN-OL-RC-538_2.wav,51.28
3c43a,3c43a_EN-OL-RC-234_1.wav,8.52
3c43a,3c43a_EN-OL-RC-234_2.wav,9.8
4b6f,4b6f_EN-OL-RC-426_2.wav,10.95
4b6f,4b6f_EN-OL-RC-426_1.wav,8.67
4d34g,4d34g_EN-OL-RC-426_2.wav,8.12
5b39c,5b39c_EN-OL-RC-538_1.wav,16.55
5b39c,5b39c_EN-OL-RC-538_2.wav,18.62
4b19b,4b19b_EN-OL-RC-426_1.wav,13.31
4b23k,4b23k_EN-OL-RC-426_2.wav,11.66
5a3a,5a3a_EN-OL-RC-538_1.wav,16.88
5a3a,5a3a_EN-OL-RC-538_2.wav,20.35
3a33c,3a33c_EN-OL-RC-234_2.wav,20.48
3a33c,3a33c_EN-OL-RC-234_1.wav,17.69
3c32b,3c32b_EN-OL-RC-234_2.wav,33.85
5b19b,5b19b_EN-OL-RC-538_2.wav,12.21
3d28c,3d28c_EN-OL-RC-234_2.wav,14.3
3a6k,3a6k_EN-OL-RC-234_2.wav,12.26
4a48b,4a48b_EN-OL-RC-426_2.wav,17.88
4a48b,4a48b_EN-OL-RC-426_1.wav,18.97
4a2g,4a2g_EN-OL-RC-426_2.wav,15.48
4a2g,4a2g_EN-OL-RC-426_1.wav,16.22
5b16g,5b16g_EN-OL-RC-538_1.wav,20.17
3b26c,3b26c_EN-OL-RC-234_2.wav,17.47
3b26c,3b26c_EN-OL-RC-234_1.wav,16.71
5a15j,5a15j_EN-OL-RC-538_1.wav,19.05
5a15j,5a15j_EN-OL-RC-538_2.wav,18.18
3b35a,3b35a_EN-OL-RC-234_2.wav,13.91
3b35a,3b35a_EN-OL-RC-234_1.wav,15.38
5c47c,5c47c_EN-OL-RC-538_2.wav,50.12
5b49f,5b49f_EN-OL-RC-538_1.wav,40.69
5b48g,5b48g_EN-OL-RC-538_2.wav,30.46
4b47f,4b47f_EN-OL-RC-426_2.wav,12.83
4b47f,4b47f_EN-OL-RC-426_1.wav,13.63
3a37f,3a37f_EN-OL-RC-234_1.wav,23.71
3a37f,3a37f_EN-OL-RC-234_2.wav,31.77
3d30c,3d30c_EN-OL-RC-234_1.wav,8.8
4c6g,4c6g_EN-OL-RC-426_1.wav,22.08
4a46c,4a46c_EN-OL-RC-426_2.wav,11.85
3b1e,3b1e_EN-OL-RC-234_1.wav,31.04
3b1e,3b1e_EN-OL-RC-234_2.wav,21.39
3c11a,3c11a_EN-OL-RC-234_2.wav,8.4
3c29b,3c29b_EN-OL-RC-234_2.wav,23.19
5a2b,5a2b_EN-OL-RC-538_1.wav,15.66
3a6g,3a6g_EN-OL-RC-234_1.wav,25.73
5a35k,5a35k_EN-OL-RC-538_2.wav,79.72
5c4b,5c4b_EN-OL-RC-538_2.wav,28.52
4b41b,4b41b_EN-OL-RC-426_1.wav,19.89
5a43f,5a43f_EN-OL-RC-538_1.wav,15.77
5a30f,5a30f_EN-OL-RC-538_2.wav,12.14
5c25b,5c25b_EN-OL-RC-538_1.wav,26.45
3c23g,3c23g_EN-OL-RC-234_2.wav,26.35
3c23g,3c23g_EN-OL-RC-234_1.wav,26.14
4b28g,4b28g_EN-OL-RC-426_2.wav,18.09
3a51f,3a51f_EN-OL-RC-234_1.wav,65.49
5a13k,5a13k_EN-OL-RC-538_2.wav,35.32
5a13k,5a13k_EN-OL-RC-538_1.wav,41.54
3c29g,3c29g_EN-OL-RC-234_2.wav,19.19
3c29g,3c29g_EN-OL-RC-234_1.wav,19.06
5b7a,5b7a_EN-OL-RC-538_2.wav,20.95
3a18f,3a18f_EN-OL-RC-234_2.wav,32.38
3a18f,3a18f_EN-OL-RC-234_1.wav,28.79
4a51g,4a51g_EN-OL-RC-426_1.wav,17.69
4b46c,4b46c_EN-OL-RC-426_1.wav,8.88
4b46c,4b46c_EN-OL-RC-426_2.wav,10.11
5a18c,5a18c_EN-OL-RC-538_2.wav,21.32
5a18c,5a18c_EN-OL-RC-538_1.wav,18.89
3a19g,3a19g_EN-OL-RC-234_1.wav,14.62
3a42g,3a42g_EN-OL-RC-234_1.wav,29.18
3a42g,3a42g_EN-OL-RC-234_2.wav,40.43
5a22c,5a22c_EN-OL-RC-538_2.wav,41.8
5a22c,5a22c_EN-OL-RC-538_1.wav,40.98
3a35c,3a35c_EN-OL-RC-234_2.wav,20.04
3a35c,3a35c_EN-OL-RC-234_1.wav,21.31
4b25k,4b25k_EN-OL-RC-426_1.wav,15.72
3a8c,3a8c_EN-OL-RC-234_2.wav,21.75
3a8c,3a8c_EN-OL-RC-234_1.wav,18.94
4a2k,4a2k_EN-OL-RC-426_1.wav,15.06
4a2k,4a2k_EN-OL-RC-426_2.wav,13.74
5b41a,5b41a_EN-OL-RC-538_2.wav,19.45
5b41a,5b41a_EN-OL-RC-538_1.wav,15.96
4c3g,4c3g_EN-OL-RC-426_2.wav,18.09
5c20g,5c20g_EN-OL-RC-538_2.wav,7.91
5c20g,5c20g_EN-OL-RC-538_1.wav,8.7
3c38g,3c38g_EN-OL-RC-234_1.wav,29.64
3c38g,3c38g_EN-OL-RC-234_2.wav,33.42
3b25c,3b25c_EN-OL-RC-234_2.wav,13.31
4a31k,4a31k_EN-OL-RC-426_2.wav,15.09
4a31k,4a31k_EN-OL-RC-426_1.wav,15.97
3b29g,3b29g_EN-OL-RC-234_1.wav,25.28
5a20a,5a20a_EN-OL-RC-538_1.wav,23.45
4a27f,4a27f_EN-OL-RC-426_1.wav,31.14
5b45c,5b45c_EN-OL-RC-538_1.wav,15.51
5b45c,5b45c_EN-OL-RC-538_2.wav,18.68
5a41k,5a41k_EN-OL-RC-538_1.wav,37.89
4b32c,4b32c_EN-OL-RC-426_2.wav,13.6
5a43k,5a43k_EN-OL-RC-538_2.wav,71.47
5a43k,5a43k_EN-OL-RC-538_1.wav,59.74
5a10f,5a10f_EN-OL-RC-538_1.wav,14.2
5b36g,5b36g_EN-OL-RC-538_1.wav,18.91
3a26f,3a26f_EN-OL-RC-234_1.wav,33.81
3a8b,3a8b_EN-OL-RC-234_1.wav,67.68
3a8b,3a8b_EN-OL-RC-234_2.wav,85.69
3d3g,3d3g_EN-OL-RC-234_1.wav,16.0
3d3g,3d3g_EN-OL-RC-234_2.wav,17.04
3a34c,3a34c_EN-OL-RC-234_2.wav,14.88
3a34c,3a34c_EN-OL-RC-234_1.wav,15.39
4c9b,4c9b_EN-OL-RC-426_1.wav,40.38
4c9b,4c9b_EN-OL-RC-426_2.wav,44.54
5b47c,5b47c_EN-OL-RC-538_1.wav,16.36
5b47c,5b47c_EN-OL-RC-538_2.wav,20.41
5a8j,5a8j_EN-OL-RC-538_2.wav,16.48
5a8j,5a8j_EN-OL-RC-538_1.wav,13.9
5d51c,5d51c_EN-OL-RC-538_1.wav,45.38
3a11h,3a11h_EN-OL-RC-234_1.wav,24.95
3a11h,3a11h_EN-OL-RC-234_2.wav,25.11
3b4c,3b4c_EN-OL-RC-234_1.wav,11.59
3b4c,3b4c_EN-OL-RC-234_2.wav,14.62
5c43b,5c43b_EN-OL-RC-538_2.wav,21.46
4b43g,4b43g_EN-OL-RC-426_2.wav,23.56
4b43g,4b43g_EN-OL-RC-426_1.wav,20.57
3d51c,3d51c_EN-OL-RC-234_1.wav,7.26
5a34b,5a34b_EN-OL-RC-538_2.wav,15.1
4a15j,4a15j_EN-OL-RC-426_2.wav,10.62
4b22g,4b22g_EN-OL-RC-426_2.wav,10.67
4b22g,4b22g_EN-OL-RC-426_1.wav,10.81
4a2j,4a2j_EN-OL-RC-426_2.wav,23.8
4a2j,4a2j_EN-OL-RC-426_1.wav,39.13
3c9b,3c9b_EN-OL-RC-234_2.wav,38.5
3d1g,3d1g_EN-OL-RC-234_2.wav,26.18
3d45c,3d45c_EN-OL-RC-234_1.wav,8.28
4a42j,4a42j_EN-OL-RC-426_2.wav,43.44
4a42j,4a42j_EN-OL-RC-426_1.wav,47.22
4a10k,4a10k_EN-OL-RC-426_2.wav,20.42
5a40j,5a40j_EN-OL-RC-538_1.wav,13.77
5a40j,5a40j_EN-OL-RC-538_2.wav,21.1
5d31g,5d31g_EN-OL-RC-538_1.wav,16.38
4b11c,4b11c_EN-OL-RC-426_1.wav,9.4
5a5k,5a5k_EN-OL-RC-538_1.wav,33.95
5a5k,5a5k_EN-OL-RC-538_2.wav,42.86
4b7a,4b7a_EN-OL-RC-426_2.wav,25.73
4d34c,4d34c_EN-OL-RC-426_1.wav,8.57
5c15c,5c15c_EN-OL-RC-538_1.wav,48.62
5b19f,5b19f_EN-OL-RC-538_2.wav,27.97
4c23g,4c23g_EN-OL-RC-426_2.wav,16.33
3c34b,3c34b_EN-OL-RC-234_2.wav,14.71
3a48f,3a48f_EN-OL-RC-234_1.wav,19.38
3a48f,3a48f_EN-OL-RC-234_2.wav,26.33
4c38a,4c38a_EN-OL-RC-426_2.wav,15.71
4c38a,4c38a_EN-OL-RC-426_1.wav,12.48
5d14c,5d14c_EN-OL-RC-538_2.wav,30.48
5d14c,5d14c_EN-OL-RC-538_1.wav,29.25
4a45k,4a45k_EN-OL-RC-426_2.wav,13.87
4a45k,4a45k_EN-OL-RC-426_1.wav,12.39
5a35c,5a35c_EN-OL-RC-538_1.wav,21.04
5a35c,5a35c_EN-OL-RC-538_2.wav,26.62
4b46b,4b46b_EN-OL-RC-426_2.wav,12.92
4b46b,4b46b_EN-OL-RC-426_1.wav,14.42
3a54f,3a54f_EN-OL-RC-234_2.wav,87.09
3a54f,3a54f_EN-OL-RC-234_1.wav,55.98
5a3k,5a3k_EN-OL-RC-538_1.wav,41.62
5a3k,5a3k_EN-OL-RC-538_2.wav,60.58
3b45a,3b45a_EN-OL-RC-234_1.wav,12.0
3b45a,3b45a_EN-OL-RC-234_2.wav,15.79
5b22h,5b22h_EN-OL-RC-538_2.wav,9.32
3b32g,3b32g_EN-OL-RC-234_2.wav,18.62
4d32c,4d32c_EN-OL-RC-426_1.wav,5.68
4b23g,4b23g_EN-OL-RC-426_1.wav,23.32
3b13a,3b13a_EN-OL-RC-234_1.wav,13.59
3c25a,3c25a_EN-OL-RC-234_2.wav,6.66
3d52g,3d52g_EN-OL-RC-234_2.wav,17.43
3d52g,3d52g_EN-OL-RC-234_1.wav,14.76
3b14c,3b14c_EN-OL-RC-234_1.wav,12.15
3a2c,3a2c_EN-OL-RC-234_1.wav,18.91
3a2c,3a2c_EN-OL-RC-234_2.wav,21.84
5b28k,5b28k_EN-OL-RC-538_2.wav,15.36
3b7c,3b7c_EN-OL-RC-234_2.wav,16.08
3b42a,3b42a_EN-OL-RC-234_2.wav,23.64
3b42a,3b42a_EN-OL-RC-234_1.wav,19.36
4d40c,4d40c_EN-OL-RC-426_1.wav,7.86
4c23b,4c23b_EN-OL-RC-426_2.wav,24.53
4c23b,4c23b_EN-OL-RC-426_1.wav,21.93
5b7k,5b7k_EN-OL-RC-538_2.wav,17.11
5a5f,5a5f_EN-OL-RC-538_1.wav,12.64
5c37b,5c37b_EN-OL-RC-538_1.wav,35.83
5b18b,5b18b_EN-OL-RC-538_1.wav,14.55
5a47f,5a47f_EN-OL-RC-538_2.wav,13.74
5d53g,5d53g_EN-OL-RC-538_2.wav,11.91
5a7j,5a7j_EN-OL-RC-538_2.wav,17.39
3d13c,3d13c_EN-OL-RC-234_1.wav,9.09
3a35b,3a35b_EN-OL-RC-234_2.wav,76.49
5a15k,5a15k_EN-OL-RC-538_1.wav,81.53
4a50f,4a50f_EN-OL-RC-426_1.wav,23.26
4a50f,4a50f_EN-OL-RC-426_2.wav,25.29
5b27f,5b27f_EN-OL-RC-538_2.wav,43.5
3a47b,3a47b_EN-OL-RC-234_2.wav,38.76
4a44f,4a44f_EN-OL-RC-426_1.wav,23.9
4a44f,4a44f_EN-OL-RC-426_2.wav,23.22
4c22g,4c22g_EN-OL-RC-426_2.wav,17.0
4c22g,4c22g_EN-OL-RC-426_1.wav,14.0
5a67j,5a67j_EN-OL-RC-538_1.wav,15.37
3c13b,3c13b_EN-OL-RC-234_1.wav,15.89
3c13b,3c13b_EN-OL-RC-234_2.wav,18.46
3c26g,3c26g_EN-OL-RC-234_2.wav,22.45
3a4c,3a4c_EN-OL-RC-234_1.wav,14.81
3a4c,3a4c_EN-OL-RC-234_2.wav,19.53
5c32g,5c32g_EN-OL-RC-538_2.wav,12.31
4a6c,4a6c_EN-OL-RC-426_1.wav,15.72
3b44k,3b44k_EN-OL-RC-234_2.wav,26.33
3b44k,3b44k_EN-OL-RC-234_1.wav,20.16
4b32b,4b32b_EN-OL-RC-426_2.wav,18.35
4b32b,4b32b_EN-OL-RC-426_1.wav,18.4
5a7a,5a7a_EN-OL-RC-538_2.wav,33.78
5a7a,5a7a_EN-OL-RC-538_1.wav,19.64
5b17c,5b17c_EN-OL-RC-538_2.wav,21.85
5b17c,5b17c_EN-OL-RC-538_1.wav,20.29
4b10f,4b10f_EN-OL-RC-426_1.wav,6.52
4b10f,4b10f_EN-OL-RC-426_2.wav,7.96
5d41c,5d41c_EN-OL-RC-538_1.wav,36.05
5a23a,5a23a_EN-OL-RC-538_2.wav,21.76
5a23a,5a23a_EN-OL-RC-538_1.wav,19.97
4a48k,4a48k_EN-OL-RC-426_2.wav,22.78
5b27c,5b27c_EN-OL-RC-538_1.wav,15.47
3d17c,3d17c_EN-OL-RC-234_1.wav,10.83
3d17c,3d17c_EN-OL-RC-234_2.wav,11.89
4c31a,4c31a_EN-OL-RC-426_1.wav,16.03
3b7b,3b7b_EN-OL-RC-234_1.wav,26.31
3b7b,3b7b_EN-OL-RC-234_2.wav,28.38
5b10g,5b10g_EN-OL-RC-538_2.wav,17.61
5b10g,5b10g_EN-OL-RC-538_1.wav,25.75
4b16b,4b16b_EN-OL-RC-426_1.wav,14.83
5c29a,5c29a_EN-OL-RC-538_1.wav,26.76
4a39d,4a39d_EN-OL-RC-426_2.wav,94.4
4a6k,4a6k_EN-OL-RC-426_2.wav,8.08
4b10b,4b10b_EN-OL-RC-426_1.wav,23.83
5b30c,5b30c_EN-OL-RC-538_1.wav,17.32
3b11b,3b11b_EN-OL-RC-234_1.wav,38.28
3b11b,3b11b_EN-OL-RC-234_2.wav,36.84
4a19a,4a19a_EN-OL-RC-426_2.wav,20.17
3b5a,3b5a_EN-OL-RC-234_1.wav,16.45
3b5a,3b5a_EN-OL-RC-234_2.wav,23.62
3c4g,3c4g_EN-OL-RC-234_1.wav,31.94
5a4c,5a4c_EN-OL-RC-538_2.wav,75.0
5a4c,5a4c_EN-OL-RC-538_1.wav,63.21
5a52j,5a52j_EN-OL-RC-538_1.wav,11.48
5a52j,5a52j_EN-OL-RC-538_2.wav,14.32
5b7f,5b7f_EN-OL-RC-538_1.wav,31.89
5b7f,5b7f_EN-OL-RC-538_2.wav,38.27
4a35f,4a35f_EN-OL-RC-426_2.wav,61.42
3b18k,3b18k_EN-OL-RC-234_1.wav,24.04
4a30g,4a30g_EN-OL-RC-426_2.wav,21.71
4a30g,4a30g_EN-OL-RC-426_1.wav,19.52
5a21k,5a21k_EN-OL-RC-538_1.wav,72.77
5a21k,5a21k_EN-OL-RC-538_2.wav,90.82
3b11g,3b11g_EN-OL-RC-234_1.wav,17.52
4b4f,4b4f_EN-OL-RC-426_2.wav,7.45
4b4f,4b4f_EN-OL-RC-426_1.wav,8.31
5a23j,5a23j_EN-OL-RC-538_2.wav,12.35
4a31f,4a31f_EN-OL-RC-426_1.wav,29.17
4a31f,4a31f_EN-OL-RC-426_2.wav,27.45
5b24c,5b24c_EN-OL-RC-538_1.wav,22.69
5b24c,5b24c_EN-OL-RC-538_2.wav,25.06
3b3b,3b3b_EN-OL-RC-234_2.wav,32.79
3b3b,3b3b_EN-OL-RC-234_1.wav,27.7
3b49a,3b49a_EN-OL-RC-234_1.wav,16.69
5a12d,5a12d_EN-OL-RC-538_2.wav,100.0
5a37b,5a37b_EN-OL-RC-538_1.wav,9.89
5b36b,5b36b_EN-OL-RC-538_1.wav,24.95
4b25c,4b25c_EN-OL-RC-426_1.wav,6.42
5c42g,5c42g_EN-OL-RC-538_1.wav,23.14
5c42g,5c42g_EN-OL-RC-538_2.wav,21.0
3a36b,3a36b_EN-OL-RC-234_2.wav,51.52
4b26g,4b26g_EN-OL-RC-426_1.wav,47.17
3b6g,3b6g_EN-OL-RC-234_2.wav,11.0
5b11a,5b11a_EN-OL-RC-538_1.wav,20.51
4b41g,4b41g_EN-OL-RC-426_2.wav,40.46
4b41g,4b41g_EN-OL-RC-426_1.wav,30.37
5a30c,5a30c_EN-OL-RC-538_2.wav,41.5
5a30c,5a30c_EN-OL-RC-538_1.wav,28.95
4b3b,4b3b_EN-OL-RC-426_2.wav,17.11
5b6f,5b6f_EN-OL-RC-538_2.wav,24.66
5b17b,5b17b_EN-OL-RC-538_1.wav,24.03
4c17g,4c17g_EN-OL-RC-426_1.wav,22.58
3a41k,3a41k_EN-OL-RC-234_1.wav,22.15
3a41k,3a41k_EN-OL-RC-234_2.wav,47.2
5a59j,5a59j_EN-OL-RC-538_2.wav,6.8
5b8c,5b8c_EN-OL-RC-538_1.wav,11.0
5a42c,5a42c_EN-OL-RC-538_1.wav,29.81
5a42c,5a42c_EN-OL-RC-538_2.wav,24.78
4b19k,4b19k_EN-OL-RC-426_2.wav,17.03
5a48c,5a48c_EN-OL-RC-538_2.wav,29.43
5a48c,5a48c_EN-OL-RC-538_1.wav,28.28
5a18j,5a18j_EN-OL-RC-538_2.wav,22.21
5a18j,5a18j_EN-OL-RC-538_1.wav,22.11
3d32g,3d32g_EN-OL-RC-234_2.wav,16.29
3d32g,3d32g_EN-OL-RC-234_1.wav,16.85
4d16g,4d16g_EN-OL-RC-426_1.wav,14.77
4d16g,4d16g_EN-OL-RC-426_2.wav,14.04
5b41h,5b41h_EN-OL-RC-538_1.wav,17.65
5c3c,5c3c_EN-OL-RC-538_1.wav,82.84
5c3c,5c3c_EN-OL-RC-538_2.wav,93.92
5b37a,5b37a_EN-OL-RC-538_1.wav,25.75
5b37a,5b37a_EN-OL-RC-538_2.wav,31.02
3a21f,3a21f_EN-OL-RC-234_1.wav,60.45
5b14k,5b14k_EN-OL-RC-538_1.wav,8.98
5d38g,5d38g_EN-OL-RC-538_1.wav,21.51
4a25g,4a25g_EN-OL-RC-426_2.wav,8.03
4a25g,4a25g_EN-OL-RC-426_1.wav,8.29
3b4g,3b4g_EN-OL-RC-234_1.wav,5.67
3b4g,3b4g_EN-OL-RC-234_2.wav,6.33
5a24f,5a24f_EN-OL-RC-538_2.wav,16.57
3a36g,3a36g_EN-OL-RC-234_2.wav,18.65
5d39c,5d39c_EN-OL-RC-538_1.wav,30.97
5d39c,5d39c_EN-OL-RC-538_2.wav,31.29
5a8c,5a8c_EN-OL-RC-538_1.wav,32.03
5a8c,5a8c_EN-OL-RC-538_2.wav,33.66
3b17c,3b17c_EN-OL-RC-234_1.wav,14.1
5a18f,5a18f_EN-OL-RC-538_2.wav,11.78
5a15h,5a15h_EN-OL-RC-538_1.wav,14.39
5b35g,5b35g_EN-OL-RC-538_2.wav,28.92
5a36c,5a36c_EN-OL-RC-538_2.wav,30.17
3b30f,3b30f_EN-OL-RC-234_2.wav,45.93
3a24b,3a24b_EN-OL-RC-234_2.wav,79.2
5a45k,5a45k_EN-OL-RC-538_2.wav,67.18
3c24a,3c24a_EN-OL-RC-234_1.wav,5.5
5a37c,5a37c_EN-OL-RC-538_2.wav,28.79
5a37c,5a37c_EN-OL-RC-538_1.wav,25.44
5a42j,5a42j_EN-OL-RC-538_2.wav,19.34
4a48g,4a48g_EN-OL-RC-426_1.wav,16.31
4a48g,4a48g_EN-OL-RC-426_2.wav,16.09
3c19c,3c19c_EN-OL-RC-234_1.wav,6.62
3b36h,3b36h_EN-OL-RC-234_2.wav,23.16
3b36h,3b36h_EN-OL-RC-234_1.wav,25.98
3a43a,3a43a_EN-OL-RC-234_1.wav,20.56
3a43a,3a43a_EN-OL-RC-234_2.wav,20.64
4b19f,4b19f_EN-OL-RC-426_1.wav,11.88
4b19f,4b19f_EN-OL-RC-426_2.wav,9.76
3b23f,3b23f_EN-OL-RC-234_1.wav,60.98
4a22j,4a22j_EN-OL-RC-426_2.wav,23.02
3c39a,3c39a_EN-OL-RC-234_1.wav,9.04
4a5c,4a5c_EN-OL-RC-426_1.wav,14.31
4a32f,4a32f_EN-OL-RC-426_1.wav,44.65
5a16a,5a16a_EN-OL-RC-538_2.wav,29.33
3c21a,3c21a_EN-OL-RC-234_1.wav,7.68
3c21a,3c21a_EN-OL-RC-234_2.wav,11.15
5a28k,5a28k_EN-OL-RC-538_1.wav,83.72
3a1h,3a1h_EN-OL-RC-234_2.wav,29.45
5c28c,5c28c_EN-OL-RC-538_1.wav,78.38
5c28c,5c28c_EN-OL-RC-538_2.wav,85.94
3a18b,3a18b_EN-OL-RC-234_2.wav,65.31
4b20c,4b20c_EN-OL-RC-426_2.wav,13.24
4b20c,4b20c_EN-OL-RC-426_1.wav,9.83
3a51g,3a51g_EN-OL-RC-234_1.wav,15.7
4d2c,4d2c_EN-OL-RC-426_2.wav,10.71
5d20c,5d20c_EN-OL-RC-538_1.wav,38.03
5b42g,5b42g_EN-OL-RC-538_2.wav,20.56
4a15k,4a15k_EN-OL-RC-426_1.wav,21.39
4a11f,4a11f_EN-OL-RC-426_1.wav,12.5
4a11f,4a11f_EN-OL-RC-426_2.wav,13.0
3c15c,3c15c_EN-OL-RC-234_1.wav,6.02
4d35g,4d35g_EN-OL-RC-426_2.wav,5.32
4d35g,4d35g_EN-OL-RC-426_1.wav,5.97
5b46f,5b46f_EN-OL-RC-538_2.wav,39.25
5b6k,5b6k_EN-OL-RC-538_2.wav,12.87
4b15f,4b15f_EN-OL-RC-426_1.wav,11.95
5b40a,5b40a_EN-OL-RC-538_2.wav,16.28
5b40a,5b40a_EN-OL-RC-538_1.wav,15.37
3b14h,3b14h_EN-OL-RC-234_1.wav,21.27
3b14h,3b14h_EN-OL-RC-234_2.wav,19.45
3b18c,3b18c_EN-OL-RC-234_2.wav,13.07
5a49c,5a49c_EN-OL-RC-538_1.wav,24.18
5a49c,5a49c_EN-OL-RC-538_2.wav,25.24
4a51f,4a51f_EN-OL-RC-426_2.wav,18.31
3a15c,3a15c_EN-OL-RC-234_1.wav,4.28
3a29e,3a29e_EN-OL-RC-234_1.wav,30.45
4a6j,4a6j_EN-OL-RC-426_1.wav,38.84
4a6j,4a6j_EN-OL-RC-426_2.wav,33.02
4b42c,4b42c_EN-OL-RC-426_2.wav,7.18
4b42c,4b42c_EN-OL-RC-426_1.wav,10.09
5d2c,5d2c_EN-OL-RC-538_2.wav,27.67
4c4g,4c4g_EN-OL-RC-426_2.wav,14.66
4c4g,4c4g_EN-OL-RC-426_1.wav,14.51
5d14g,5d14g_EN-OL-RC-538_1.wav,13.03
3a42b,3a42b_EN-OL-RC-234_2.wav,45.97
3a42b,3a42b_EN-OL-RC-234_1.wav,34.71
5a33c,5a33c_EN-OL-RC-538_2.wav,59.94
5a12g,5a12g_EN-OL-RC-538_1.wav,17.87
3b24a,3b24a_EN-OL-RC-234_2.wav,19.13
4a8f,4a8f_EN-OL-RC-426_2.wav,20.26
4a8f,4a8f_EN-OL-RC-426_1.wav,18.65
3d19g,3d19g_EN-OL-RC-234_2.wav,25.76
4a38c,4a38c_EN-OL-RC-426_1.wav,12.93
4a38c,4a38c_EN-OL-RC-426_2.wav,11.56
5b41c,5b41c_EN-OL-RC-538_1.wav,22.07
5b41c,5b41c_EN-OL-RC-538_2.wav,20.44
5a15b,5a15b_EN-OL-RC-538_1.wav,14.0
3a42f,3a42f_EN-OL-RC-234_1.wav,20.19
3a42f,3a42f_EN-OL-RC-234_2.wav,19.34
5a9d,5a9d_EN-OL-RC-538_1.wav,93.67
3a43c,3a43c_EN-OL-RC-234_1.wav,11.86
5c14b,5c14b_EN-OL-RC-538_2.wav,38.59
5c14b,5c14b_EN-OL-RC-538_1.wav,40.72
5b12b,5b12b_EN-OL-RC-538_2.wav,14.5
3c1b,3c1b_EN-OL-RC-234_2.wav,10.39
4d42g,4d42g_EN-OL-RC-426_2.wav,6.15
4d42g,4d42g_EN-OL-RC-426_1.wav,2.47
3a32f,3a32f_EN-OL-RC-234_1.wav,55.06
3a30c,3a30c_EN-OL-RC-234_1.wav,17.61
3b54f,3b54f_EN-OL-RC-234_1.wav,22.61
3b12a,3b12a_EN-OL-RC-234_2.wav,23.59
3b7a,3b7a_EN-OL-RC-234_1.wav,14.92
3b7a,3b7a_EN-OL-RC-234_2.wav,16.51
3d1c,3d1c_EN-OL-RC-234_2.wav,17.81
3d1c,3d1c_EN-OL-RC-234_1.wav,18.11
3b42g,3b42g_EN-OL-RC-234_2.wav,18.08
4b33b,4b33b_EN-OL-RC-426_1.wav,18.55
4c30g,4c30g_EN-OL-RC-426_1.wav,24.08
5a5c,5a5c_EN-OL-RC-538_2.wav,45.29
5a5c,5a5c_EN-OL-RC-538_1.wav,57.32
5a11j,5a11j_EN-OL-RC-538_2.wav,19.29
5a11j,5a11j_EN-OL-RC-538_1.wav,23.79
4a36f,4a36f_EN-OL-RC-426_1.wav,21.29
4a34a,4a34a_EN-OL-RC-426_2.wav,30.37
4a34a,4a34a_EN-OL-RC-426_1.wav,32.43
5b47f,5b47f_EN-OL-RC-538_2.wav,27.11
5b47f,5b47f_EN-OL-RC-538_1.wav,25.36
4c28g,4c28g_EN-OL-RC-426_1.wav,18.31
3b3f,3b3f_EN-OL-RC-234_1.wav,18.4
3c40g,3c40g_EN-OL-RC-234_1.wav,25.25
3c40g,3c40g_EN-OL-RC-234_2.wav,30.87
5b14a,5b14a_EN-OL-RC-538_1.wav,20.76
3a50f,3a50f_EN-OL-RC-234_2.wav,25.51
3a50f,3a50f_EN-OL-RC-234_1.wav,26.34
5c43g,5c43g_EN-OL-RC-538_1.wav,4.36
5a44b,5a44b_EN-OL-RC-538_2.wav,13.42
4a32c,4a32c_EN-OL-RC-426_1.wav,13.06
4a32c,4a32c_EN-OL-RC-426_2.wav,11.57
5c29c,5c29c_EN-OL-RC-538_1.wav,64.31
3b6k,3b6k_EN-OL-RC-234_1.wav,19.42
3b6k,3b6k_EN-OL-RC-234_2.wav,20.69
3b5c,3b5c_EN-OL-RC-234_1.wav,9.07
3b5c,3b5c_EN-OL-RC-234_2.wav,8.68
4b44g,4b44g_EN-OL-RC-426_2.wav,39.57
4a5j,4a5j_EN-OL-RC-426_1.wav,53.04
4a41d,4a41d_EN-OL-RC-426_1.wav,59.41
3a19k,3a19k_EN-OL-RC-234_1.wav,15.48
3a19k,3a19k_EN-OL-RC-234_2.wav,17.16
4a19g,4a19g_EN-OL-RC-426_2.wav,17.37
4a19g,4a19g_EN-OL-RC-426_1.wav,19.63
5a21d,5a21d_EN-OL-RC-538_2.wav,100.0
5b22a,5b22a_EN-OL-RC-538_1.wav,19.49
3c28c,3c28c_EN-OL-RC-234_1.wav,6.83
3c28c,3c28c_EN-OL-RC-234_2.wav,9.21
4b1a,4b1a_EN-OL-RC-426_1.wav,19.38
4b1a,4b1a_EN-OL-RC-426_2.wav,20.48
4a24b,4a24b_EN-OL-RC-426_2.wav,30.4
3a6f,3a6f_EN-OL-RC-234_1.wav,35.74
3a6f,3a6f_EN-OL-RC-234_2.wav,80.83
4d21c,4d21c_EN-OL-RC-426_2.wav,12.1
3b10g,3b10g_EN-OL-RC-234_2.wav,5.22
3b10g,3b10g_EN-OL-RC-234_1.wav,14.15
3a37b,3a37b_EN-OL-RC-234_1.wav,49.34
3a37b,3a37b_EN-OL-RC-234_2.wav,63.67
3b37f,3b37f_EN-OL-RC-234_2.wav,19.89
4b41f,4b41f_EN-OL-RC-426_2.wav,9.79
4b41f,4b41f_EN-OL-RC-426_1.wav,6.86
4c34g,4c34g_EN-OL-RC-426_1.wav,15.12
5c52g,5c52g_EN-OL-RC-538_1.wav,7.27
4a1f,4a1f_EN-OL-RC-426_1.wav,30.44
3c57g,3c57g_EN-OL-RC-234_2.wav,42.7
3c57g,3c57g_EN-OL-RC-234_1.wav,47.04
3b53k,3b53k_EN-OL-RC-234_2.wav,25.44
3b19k,3b19k_EN-OL-RC-234_1.wav,31.0
3b19k,3b19k_EN-OL-RC-234_2.wav,33.86
4a8c,4a8c_EN-OL-RC-426_1.wav,10.86
3b42f,3b42f_EN-OL-RC-234_1.wav,26.42
3b42f,3b42f_EN-OL-RC-234_2.wav,31.66
5a15a,5a15a_EN-OL-RC-538_1.wav,22.22
5a15a,5a15a_EN-OL-RC-538_2.wav,31.71
4a35h,4a35h_EN-OL-RC-426_2.wav,25.34
4b11f,4b11f_EN-OL-RC-426_2.wav,9.36
4b11f,4b11f_EN-OL-RC-426_1.wav,9.0
4a10f,4a10f_EN-OL-RC-426_2.wav,15.26
5b38h,5b38h_EN-OL-RC-538_1.wav,8.26
5b38h,5b38h_EN-OL-RC-538_2.wav,7.6
5d3c,5d3c_EN-OL-RC-538_1.wav,46.22
3a31c,3a31c_EN-OL-RC-234_1.wav,16.88
3a23a,3a23a_EN-OL-RC-234_2.wav,11.9
5a26d,5a26d_EN-OL-RC-538_2.wav,100.0
4a44c,4a44c_EN-OL-RC-426_2.wav,7.48
3a27c,3a27c_EN-OL-RC-234_1.wav,16.43
3a27c,3a27c_EN-OL-RC-234_2.wav,18.43
4b29b,4b29b_EN-OL-RC-426_1.wav,16.52
5a29j,5a29j_EN-OL-RC-538_2.wav,11.41
5b32f,5b32f_EN-OL-RC-538_1.wav,18.73
4a32d,4a32d_EN-OL-RC-426_2.wav,88.56
3b14b,3b14b_EN-OL-RC-234_1.wav,25.0
3b14b,3b14b_EN-OL-RC-234_2.wav,27.34
4d48g,4d48g_EN-OL-RC-426_2.wav,3.98
4d48g,4d48g_EN-OL-RC-426_1.wav,2.74
3b37g,3b37g_EN-OL-RC-234_1.wav,26.87
5b9f,5b9f_EN-OL-RC-538_1.wav,30.66
3a25k,3a25k_EN-OL-RC-234_2.wav,41.26
5a26c,5a26c_EN-OL-RC-538_1.wav,27.22
5a26c,5a26c_EN-OL-RC-538_2.wav,27.67
3a32b,3a32b_EN-OL-RC-234_1.wav,22.3
3a32b,3a32b_EN-OL-RC-234_2.wav,26.97
4a41c,4a41c_EN-OL-RC-426_2.wav,16.15
5a44d,5a44d_EN-OL-RC-538_2.wav,100.0
5c31c,5c31c_EN-OL-RC-538_1.wav,28.79
5b12k,5b12k_EN-OL-RC-538_2.wav,35.05
5b43c,5b43c_EN-OL-RC-538_1.wav,17.4
5b43c,5b43c_EN-OL-RC-538_2.wav,17.97
4b24f,4b24f_EN-OL-RC-426_1.wav,10.3
5b7c,5b7c_EN-OL-RC-538_1.wav,14.31
4d23c,4d23c_EN-OL-RC-426_2.wav,9.89
5a11d,5a11d_EN-OL-RC-538_2.wav,90.87
5a11d,5a11d_EN-OL-RC-538_1.wav,95.16
4a15f,4a15f_EN-OL-RC-426_2.wav,16.44
4a15f,4a15f_EN-OL-RC-426_1.wav,13.13
3a10c,3a10c_EN-OL-RC-234_2.wav,19.71
3a10c,3a10c_EN-OL-RC-234_1.wav,17.73
5b51g,5b51g_EN-OL-RC-538_2.wav,53.22
5b51g,5b51g_EN-OL-RC-538_1.wav,36.33
5d22c,5d22c_EN-OL-RC-538_2.wav,23.33
5b25h,5b25h_EN-OL-RC-538_1.wav,13.58
3a46g,3a46g_EN-OL-RC-234_2.wav,30.47
3c55g,3c55g_EN-OL-RC-234_1.wav,65.24
3c55g,3c55g_EN-OL-RC-234_2.wav,64.52
4a18h,4a18h_EN-OL-RC-426_2.wav,11.43
4a18h,4a18h_EN-OL-RC-426_1.wav,12.59
5b29c,5b29c_EN-OL-RC-538_1.wav,23.46
5b29c,5b29c_EN-OL-RC-538_2.wav,20.38
3b27k,3b27k_EN-OL-RC-234_2.wav,43.1
5b17f,5b17f_EN-OL-RC-538_1.wav,23.64
5b17f,5b17f_EN-OL-RC-538_2.wav,30.84
3b26k,3b26k_EN-OL-RC-234_1.wav,23.79
5a13f,5a13f_EN-OL-RC-538_1.wav,11.55
5a13f,5a13f_EN-OL-RC-538_2.wav,11.91
3d20c,3d20c_EN-OL-RC-234_1.wav,14.19
3d20c,3d20c_EN-OL-RC-234_2.wav,16.24
4b8f,4b8f_EN-OL-RC-426_1.wav,2.17
4b8f,4b8f_EN-OL-RC-426_2.wav,4.61
5a45c,5a45c_EN-OL-RC-538_2.wav,21.22
5a45c,5a45c_EN-OL-RC-538_1.wav,19.6
5b21k,5b21k_EN-OL-RC-538_2.wav,13.27
5b21k,5b21k_EN-OL-RC-538_1.wav,10.91
4a35c,4a35c_EN-OL-RC-426_1.wav,12.24
4a35c,4a35c_EN-OL-RC-426_2.wav,14.52
5d48g,5d48g_EN-OL-RC-538_1.wav,11.96
5d48g,5d48g_EN-OL-RC-538_2.wav,10.76
4b2f,4b2f_EN-OL-RC-426_1.wav,10.19
4a3c,4a3c_EN-OL-RC-426_2.wav,12.26
3a25c,3a25c_EN-OL-RC-234_2.wav,22.42
3a25c,3a25c_EN-OL-RC-234_1.wav,14.0
4b45c,4b45c_EN-OL-RC-426_1.wav,9.19
3a39g,3a39g_EN-OL-RC-234_2.wav,21.84
3a39g,3a39g_EN-OL-RC-234_1.wav,20.24
5a53g,5a53g_EN-OL-RC-538_1.wav,15.07
4b25a,4b25a_EN-OL-RC-426_1.wav,22.55
4b25a,4b25a_EN-OL-RC-426_2.wav,25.08
4d36g,4d36g_EN-OL-RC-426_1.wav,8.4
5c30b,5c30b_EN-OL-RC-538_1.wav,33.83
5c30b,5c30b_EN-OL-RC-538_2.wav,28.74
3b44g,3b44g_EN-OL-RC-234_1.wav,2.24
5a1k,5a1k_EN-OL-RC-538_1.wav,31.97
4a27c,4a27c_EN-OL-RC-426_2.wav,18.02
4c36b,4c36b_EN-OL-RC-426_1.wav,13.66
4c36b,4c36b_EN-OL-RC-426_2.wav,14.24
4a18a,4a18a_EN-OL-RC-426_1.wav,25.43
5a22k,5a22k_EN-OL-RC-538_2.wav,65.04
5a22k,5a22k_EN-OL-RC-538_1.wav,37.33
3a19c,3a19c_EN-OL-RC-234_2.wav,19.62
5c5c,5c5c_EN-OL-RC-538_2.wav,83.44
5c5c,5c5c_EN-OL-RC-538_1.wav,39.03
5a40k,5a40k_EN-OL-RC-538_1.wav,54.39
4a12h,4a12h_EN-OL-RC-426_1.wav,17.93
4a12h,4a12h_EN-OL-RC-426_2.wav,19.64
5b36c,5b36c_EN-OL-RC-538_1.wav,14.0
5b36c,5b36c_EN-OL-RC-538_2.wav,17.97
3d29g,3d29g_EN-OL-RC-234_2.wav,15.0
3d29g,3d29g_EN-OL-RC-234_1.wav,16.1
3b29f,3b29f_EN-OL-RC-234_2.wav,11.94
3b29f,3b29f_EN-OL-RC-234_1.wav,11.64
4b29g,4b29g_EN-OL-RC-426_1.wav,22.43
4a27d,4a27d_EN-OL-RC-426_1.wav,81.42
4d9c,4d9c_EN-OL-RC-426_1.wav,9.03
4d9c,4d9c_EN-OL-RC-426_2.wav,8.1
5a48g,5a48g_EN-OL-RC-538_1.wav,10.95
3a41b,3a41b_EN-OL-RC-234_1.wav,29.32
3a41b,3a41b_EN-OL-RC-234_2.wav,46.0
5d45g,5d45g_EN-OL-RC-538_1.wav,12.87
5d45g,5d45g_EN-OL-RC-538_2.wav,13.0
5b10k,5b10k_EN-OL-RC-538_1.wav,8.35
4a22f,4a22f_EN-OL-RC-426_1.wav,53.58
3a12k,3a12k_EN-OL-RC-234_2.wav,31.12
3a12k,3a12k_EN-OL-RC-234_1.wav,27.18
5b34k,5b34k_EN-OL-RC-538_1.wav,13.42
3c41a,3c41a_EN-OL-RC-234_2.wav,14.58
3c41a,3c41a_EN-OL-RC-234_1.wav,12.69
3b41g,3b41g_EN-OL-RC-234_1.wav,4.7
3a31k,3a31k_EN-OL-RC-234_1.wav,15.48
5a46j,5a46j_EN-OL-RC-538_1.wav,16.12
5b13k,5b13k_EN-OL-RC-538_1.wav,11.13
5b13k,5b13k_EN-OL-RC-538_2.wav,18.11
3c12a,3c12a_EN-OL-RC-234_2.wav,7.67
3c12a,3c12a_EN-OL-RC-234_1.wav,9.06
4a14g,4a14g_EN-OL-RC-426_2.wav,14.0
4a14g,4a14g_EN-OL-RC-426_1.wav,15.59
4a49c,4a49c_EN-OL-RC-426_2.wav,6.94
5a6k,5a6k_EN-OL-RC-538_2.wav,89.54
4a19f,4a19f_EN-OL-RC-426_1.wav,27.2
4a7f,4a7f_EN-OL-RC-426_1.wav,35.24
4b19c,4b19c_EN-OL-RC-426_2.wav,4.33
4a41f,4a41f_EN-OL-RC-426_2.wav,16.11
4a41f,4a41f_EN-OL-RC-426_1.wav,16.1
4a50g,4a50g_EN-OL-RC-426_2.wav,19.78
5a14a,5a14a_EN-OL-RC-538_2.wav,25.23
5a14a,5a14a_EN-OL-RC-538_1.wav,28.88
3d31g,3d31g_EN-OL-RC-234_1.wav,24.8
3d31g,3d31g_EN-OL-RC-234_2.wav,25.66
5a38d,5a38d_EN-OL-RC-538_2.wav,100.0
4d15g,4d15g_EN-OL-RC-426_2.wav,9.08
4d15g,4d15g_EN-OL-RC-426_1.wav,9.11
4b38c,4b38c_EN-OL-RC-426_1.wav,5.6
3c58g,3c58g_EN-OL-RC-234_1.wav,21.17
4a13f,4a13f_EN-OL-RC-426_1.wav,39.69
3b23b,3b23b_EN-OL-RC-234_1.wav,43.83
3b8b,3b8b_EN-OL-RC-234_2.wav,74.87
5a7k,5a7k_EN-OL-RC-538_1.wav,28.88
4a19b,4a19b_EN-OL-RC-426_1.wav,35.09
3b24g,3b24g_EN-OL-RC-234_2.wav,22.07
3d7c,3d7c_EN-OL-RC-234_2.wav,9.41
4a31c,4a31c_EN-OL-RC-426_1.wav,9.69
4a31c,4a31c_EN-OL-RC-426_2.wav,9.87
5b51f,5b51f_EN-OL-RC-538_2.wav,29.65
5b51f,5b51f_EN-OL-RC-538_1.wav,24.38
3d5c,3d5c_EN-OL-RC-234_1.wav,14.61
4c35g,4c35g_EN-OL-RC-426_2.wav,29.1
4b21f,4b21f_EN-OL-RC-426_1.wav,10.33
4b21f,4b21f_EN-OL-RC-426_2.wav,9.79
5a13j,5a13j_EN-OL-RC-538_2.wav,14.08
5a13j,5a13j_EN-OL-RC-538_1.wav,11.11
4b24a,4b24a_EN-OL-RC-426_1.wav,21.96
4b24a,4b24a_EN-OL-RC-426_2.wav,29.08
5b15k,5b15k_EN-OL-RC-538_2.wav,13.93
5b15k,5b15k_EN-OL-RC-538_1.wav,13.45
3a24g,3a24g_EN-OL-RC-234_1.wav,18.31
4a23f,4a23f_EN-OL-RC-426_1.wav,27.42
5a25k,5a25k_EN-OL-RC-538_1.wav,27.93
5a25k,5a25k_EN-OL-RC-538_2.wav,52.62
3b36g,3b36g_EN-OL-RC-234_2.wav,6.26
4a30j,4a30j_EN-OL-RC-426_1.wav,28.27
3a32c,3a32c_EN-OL-RC-234_2.wav,24.74
3a32c,3a32c_EN-OL-RC-234_1.wav,23.51
4a33g,4a33g_EN-OL-RC-426_2.wav,18.17
4a33g,4a33g_EN-OL-RC-426_1.wav,19.26
4b27b,4b27b_EN-OL-RC-426_1.wav,12.82
4b27b,4b27b_EN-OL-RC-426_2.wav,11.86
3c50c,3c50c_EN-OL-RC-234_1.wav,6.43
5a69j,5a69j_EN-OL-RC-538_1.wav,7.66
5a69j,5a69j_EN-OL-RC-538_2.wav,9.57
3c17a,3c17a_EN-OL-RC-234_2.wav,7.4
5a30k,5a30k_EN-OL-RC-538_2.wav,29.42
5a30k,5a30k_EN-OL-RC-538_1.wav,33.39
5a38c,5a38c_EN-OL-RC-538_2.wav,43.83
5a38c,5a38c_EN-OL-RC-538_1.wav,26.83
4c15g,4c15g_EN-OL-RC-426_2.wav,26.71
4c15g,4c15g_EN-OL-RC-426_1.wav,24.62
3c35c,3c35c_EN-OL-RC-234_2.wav,4.89
3a22k,3a22k_EN-OL-RC-234_2.wav,18.71
3a22k,3a22k_EN-OL-RC-234_1.wav,17.18
3a12g,3a12g_EN-OL-RC-234_1.wav,20.04
5a24c,5a24c_EN-OL-RC-538_2.wav,30.13
5a24c,5a24c_EN-OL-RC-538_1.wav,20.42
5b5c,5b5c_EN-OL-RC-538_2.wav,17.14
5b28c,5b28c_EN-OL-RC-538_2.wav,19.5
5b28c,5b28c_EN-OL-RC-538_1.wav,18.24
4a22b,4a22b_EN-OL-RC-426_1.wav,27.82
4a38f,4a38f_EN-OL-RC-426_1.wav,20.57
4b11b,4b11b_EN-OL-RC-426_1.wav,11.33
4b11b,4b11b_EN-OL-RC-426_2.wav,10.71
5b34c,5b34c_EN-OL-RC-538_1.wav,17.24
5b34c,5b34c_EN-OL-RC-538_2.wav,18.48
3b2c,3b2c_EN-OL-RC-234_1.wav,12.27
3a34g,3a34g_EN-OL-RC-234_2.wav,17.92
5a4j,5a4j_EN-OL-RC-538_1.wav,31.65
4b26c,4b26c_EN-OL-RC-426_2.wav,6.7
3c32g,3c32g_EN-OL-RC-234_1.wav,42.85
3c32g,3c32g_EN-OL-RC-234_2.wav,72.1
5a1g,5a1g_EN-OL-RC-538_1.wav,20.83
3d2c,3d2c_EN-OL-RC-234_1.wav,9.09
3d2c,3d2c_EN-OL-RC-234_2.wav,9.5
5a29k,5a29k_EN-OL-RC-538_1.wav,47.6
5a29k,5a29k_EN-OL-RC-538_2.wav,48.31
5b23k,5b23k_EN-OL-RC-538_1.wav,9.48
4a24g,4a24g_EN-OL-RC-426_1.wav,11.76
4a24g,4a24g_EN-OL-RC-426_2.wav,11.41
5b2b,5b2b_EN-OL-RC-538_1.wav,24.98
5b2b,5b2b_EN-OL-RC-538_2.wav,26.02
4a23c,4a23c_EN-OL-RC-426_2.wav,9.27
4a23c,4a23c_EN-OL-RC-426_1.wav,14.79
3a6h,3a6h_EN-OL-RC-234_1.wav,25.0
3a6h,3a6h_EN-OL-RC-234_2.wav,21.91
4b13g,4b13g_EN-OL-RC-426_2.wav,19.81
4b13g,4b13g_EN-OL-RC-426_1.wav,22.95
5a44c,5a44c_EN-OL-RC-538_2.wav,25.42
5a44c,5a44c_EN-OL-RC-538_1.wav,23.28
3c20c,3c20c_EN-OL-RC-234_1.wav,4.0
3a20b,3a20b_EN-OL-RC-234_1.wav,72.8
5d12c,5d12c_EN-OL-RC-538_1.wav,25.76
5d12c,5d12c_EN-OL-RC-538_2.wav,22.74
4a16g,4a16g_EN-OL-RC-426_2.wav,20.28
4c50g,4c50g_EN-OL-RC-426_2.wav,17.95
4c50g,4c50g_EN-OL-RC-426_1.wav,19.3
3a19b,3a19b_EN-OL-RC-234_2.wav,37.29
5a3f,5a3f_EN-OL-RC-538_2.wav,18.29
5a3f,5a3f_EN-OL-RC-538_1.wav,15.94
4a40a,4a40a_EN-OL-RC-426_1.wav,29.34
4b14f,4b14f_EN-OL-RC-426_2.wav,14.08
3b34g,3b34g_EN-OL-RC-234_1.wav,18.38
4a47j,4a47j_EN-OL-RC-426_1.wav,37.29
5a17f,5a17f_EN-OL-RC-538_2.wav,17.95
4a16f,4a16f_EN-OL-RC-426_2.wav,25.24
4a16f,4a16f_EN-OL-RC-426_1.wav,27.33
5d22g,5d22g_EN-OL-RC-538_1.wav,12.3
5d22g,5d22g_EN-OL-RC-538_2.wav,14.06
5d28c,5d28c_EN-OL-RC-538_2.wav,66.55
5d28c,5d28c_EN-OL-RC-538_1.wav,58.68
4c33b,4c33b_EN-OL-RC-426_2.wav,32.62
4c33b,4c33b_EN-OL-RC-426_1.wav,29.8
3b19c,3b19c_EN-OL-RC-234_2.wav,13.97
5a6h,5a6h_EN-OL-RC-538_2.wav,11.67
5b35a,5b35a_EN-OL-RC-538_2.wav,12.5
5b35a,5b35a_EN-OL-RC-538_1.wav,13.25
5a14j,5a14j_EN-OL-RC-538_2.wav,23.14
4c21g,4c21g_EN-OL-RC-426_2.wav,26.72
4b30g,4b30g_EN-OL-RC-426_2.wav,15.52
5a36k,5a36k_EN-OL-RC-538_2.wav,72.5
5a36k,5a36k_EN-OL-RC-538_1.wav,71.73
4b31c,4b31c_EN-OL-RC-426_2.wav,12.06
4a17c,4a17c_EN-OL-RC-426_2.wav,12.43
4a17c,4a17c_EN-OL-RC-426_1.wav,11.0
3b55f,3b55f_EN-OL-RC-234_2.wav,20.2
3b55f,3b55f_EN-OL-RC-234_1.wav,18.04
4d4c,4d4c_EN-OL-RC-426_1.wav,6.57
4d4c,4d4c_EN-OL-RC-426_2.wav,6.07
4a14k,4a14k_EN-OL-RC-426_2.wav,18.57
4b45k,4b45k_EN-OL-RC-426_2.wav,14.46
4b45k,4b45k_EN-OL-RC-426_1.wav,20.56
5b37g,5b37g_EN-OL-RC-538_1.wav,26.59
5b37g,5b37g_EN-OL-RC-538_2.wav,30.33
5b39k,5b39k_EN-OL-RC-538_1.wav,7.3
3d50g,3d50g_EN-OL-RC-234_1.wav,14.35
3d45g,3d45g_EN-OL-RC-234_1.wav,15.52
4a48f,4a48f_EN-OL-RC-426_1.wav,31.85
4a48f,4a48f_EN-OL-RC-426_2.wav,20.97
5b5g,5b5g_EN-OL-RC-538_1.wav,24.62
5b5g,5b5g_EN-OL-RC-538_2.wav,32.94
5a41g,5a41g_EN-OL-RC-538_2.wav,34.11
3b28f,3b28f_EN-OL-RC-234_2.wav,11.44
5a43c,5a43c_EN-OL-RC-538_2.wav,56.79
5a43c,5a43c_EN-OL-RC-538_1.wav,50.97
5b2k,5b2k_EN-OL-RC-538_2.wav,8.51
5a37j,5a37j_EN-OL-RC-538_2.wav,14.66
4c14a,4c14a_EN-OL-RC-426_2.wav,10.32
4b24k,4b24k_EN-OL-RC-426_1.wav,13.18
4b24k,4b24k_EN-OL-RC-426_2.wav,9.55
4b32g,4b32g_EN-OL-RC-426_1.wav,19.41
4b12a,4b12a_EN-OL-RC-426_2.wav,16.13
4b12a,4b12a_EN-OL-RC-426_1.wav,19.58
5b35b,5b35b_EN-OL-RC-538_2.wav,42.52
3a16k,3a16k_EN-OL-RC-234_2.wav,22.69
3a16k,3a16k_EN-OL-RC-234_1.wav,17.71
5b24g,5b24g_EN-OL-RC-538_2.wav,40.0
5b24g,5b24g_EN-OL-RC-538_1.wav,29.44
5a39k,5a39k_EN-OL-RC-538_1.wav,53.5
5a39k,5a39k_EN-OL-RC-538_2.wav,54.97
4b40k,4b40k_EN-OL-RC-426_1.wav,15.1
5b33a,5b33a_EN-OL-RC-538_2.wav,17.4
3b34k,3b34k_EN-OL-RC-234_1.wav,25.2
5a2c,5a2c_EN-OL-RC-538_1.wav,16.82
5a2c,5a2c_EN-OL-RC-538_2.wav,20.4
4a48c,4a48c_EN-OL-RC-426_2.wav,12.64
3c8c,3c8c_EN-OL-RC-234_1.wav,11.79
3c8c,3c8c_EN-OL-RC-234_2.wav,14.18
4a45c,4a45c_EN-OL-RC-426_2.wav,11.98
3c14g,3c14g_EN-OL-RC-234_1.wav,29.85
4b8c,4b8c_EN-OL-RC-426_1.wav,20.98
4b8c,4b8c_EN-OL-RC-426_2.wav,17.85
3b15g,3b15g_EN-OL-RC-234_2.wav,11.0
3b15g,3b15g_EN-OL-RC-234_1.wav,10.31
3c53g,3c53g_EN-OL-RC-234_1.wav,28.03
5b15b,5b15b_EN-OL-RC-538_1.wav,29.4
5a19h,5a19h_EN-OL-RC-538_1.wav,16.32
5c35c,5c35c_EN-OL-RC-538_2.wav,42.49
3b37a,3b37a_EN-OL-RC-234_2.wav,20.61
4a38g,4a38g_EN-OL-RC-426_2.wav,18.03
4a38g,4a38g_EN-OL-RC-426_1.wav,16.5
5a28c,5a28c_EN-OL-RC-538_1.wav,25.97
5a28c,5a28c_EN-OL-RC-538_2.wav,29.56
3c34a,3c34a_EN-OL-RC-234_2.wav,22.69
3c34a,3c34a_EN-OL-RC-234_1.wav,19.78
4b18b,4b18b_EN-OL-RC-426_1.wav,15.58
4b18b,4b18b_EN-OL-RC-426_2.wav,19.33
4a4c,4a4c_EN-OL-RC-426_2.wav,19.5
4b42f,4b42f_EN-OL-RC-426_1.wav,10.16
4b42f,4b42f_EN-OL-RC-426_2.wav,13.21
3c5a,3c5a_EN-OL-RC-234_2.wav,8.79
5a43j,5a43j_EN-OL-RC-538_1.wav,25.05
4a22c,4a22c_EN-OL-RC-426_1.wav,16.0
4a19h,4a19h_EN-OL-RC-426_1.wav,13.95
4a19h,4a19h_EN-OL-RC-426_2.wav,12.02
4a34c,4a34c_EN-OL-RC-426_2.wav,11.82
4a34c,4a34c_EN-OL-RC-426_1.wav,12.52
5a27k,5a27k_EN-OL-RC-538_1.wav,60.71
4b39c,4b39c_EN-OL-RC-426_2.wav,13.12
3a38a,3a38a_EN-OL-RC-234_2.wav,13.35
4c45g,4c45g_EN-OL-RC-426_2.wav,22.91
5c2c,5c2c_EN-OL-RC-538_1.wav,38.0
5c2c,5c2c_EN-OL-RC-538_2.wav,47.5
3d33g,3d33g_EN-OL-RC-234_2.wav,17.52
3a9k,3a9k_EN-OL-RC-234_2.wav,21.97
4a2f,4a2f_EN-OL-RC-426_1.wav,13.27
4a2f,4a2f_EN-OL-RC-426_2.wav,13.44
5a38h,5a38h_EN-OL-RC-538_1.wav,21.31
5a38h,5a38h_EN-OL-RC-538_2.wav,22.68
3c5g,3c5g_EN-OL-RC-234_1.wav,12.88
3c5g,3c5g_EN-OL-RC-234_2.wav,27.47
5d34c,5d34c_EN-OL-RC-538_1.wav,72.04
5d34c,5d34c_EN-OL-RC-538_2.wav,60.04
5b7g,5b7g_EN-OL-RC-538_1.wav,22.68
4b17b,4b17b_EN-OL-RC-426_1.wav,21.62
5a38f,5a38f_EN-OL-RC-538_1.wav,19.42
4a4f,4a4f_EN-OL-RC-426_2.wav,19.42
4a4f,4a4f_EN-OL-RC-426_1.wav,17.86
5b5b,5b5b_EN-OL-RC-538_2.wav,58.22
5d44c,5d44c_EN-OL-RC-538_1.wav,54.02
5d44c,5d44c_EN-OL-RC-538_2.wav,43.58
5a33h,5a33h_EN-OL-RC-538_1.wav,20.75
5a33h,5a33h_EN-OL-RC-538_2.wav,26.76
5d23g,5d23g_EN-OL-RC-538_1.wav,13.56
3a47f,3a47f_EN-OL-RC-234_1.wav,26.39
5c36g,5c36g_EN-OL-RC-538_1.wav,6.18
3b46a,3b46a_EN-OL-RC-234_1.wav,12.72
3b28h,3b28h_EN-OL-RC-234_2.wav,19.88
3b28h,3b28h_EN-OL-RC-234_1.wav,15.17
3a10a,3a10a_EN-OL-RC-234_2.wav,26.1
3c52c,3c52c_EN-OL-RC-234_2.wav,8.77
3c52c,3c52c_EN-OL-RC-234_1.wav,8.21
4c46b,4c46b_EN-OL-RC-426_1.wav,28.56
4c46b,4c46b_EN-OL-RC-426_2.wav,33.81
3d13g,3d13g_EN-OL-RC-234_2.wav,18.06
3d13g,3d13g_EN-OL-RC-234_1.wav,18.39
4b31b,4b31b_EN-OL-RC-426_1.wav,20.25
4b31b,4b31b_EN-OL-RC-426_2.wav,18.67
4a1a,4a1a_EN-OL-RC-426_2.wav,14.58
4a1a,4a1a_EN-OL-RC-426_1.wav,14.81
4a41j,4a41j_EN-OL-RC-426_2.wav,15.86
5c46g,5c46g_EN-OL-RC-538_2.wav,13.52
5b3k,5b3k_EN-OL-RC-538_2.wav,13.16
5b48c,5b48c_EN-OL-RC-538_1.wav,16.78
5b48c,5b48c_EN-OL-RC-538_2.wav,15.74
3d48c,3d48c_EN-OL-RC-234_1.wav,5.35
3b23k,3b23k_EN-OL-RC-234_2.wav,40.86
3b23k,3b23k_EN-OL-RC-234_1.wav,28.39
4a33a,4a33a_EN-OL-RC-426_2.wav,38.38
4a33a,4a33a_EN-OL-RC-426_1.wav,24.06
5a47c,5a47c_EN-OL-RC-538_1.wav,61.3
5a47c,5a47c_EN-OL-RC-538_2.wav,77.27
3b48k,3b48k_EN-OL-RC-234_1.wav,16.74
5d9c,5d9c_EN-OL-RC-538_1.wav,29.36
5d9c,5d9c_EN-OL-RC-538_2.wav,28.94
5a29g,5a29g_EN-OL-RC-538_1.wav,17.79
4a39g,4a39g_EN-OL-RC-426_2.wav,13.93
5d4c,5d4c_EN-OL-RC-538_1.wav,24.23
5d51g,5d51g_EN-OL-RC-538_2.wav,19.15
3a27f,3a27f_EN-OL-RC-234_1.wav,31.12
5d11g,5d11g_EN-OL-RC-538_2.wav,16.66
5a5b,5a5b_EN-OL-RC-538_1.wav,18.9
5a5b,5a5b_EN-OL-RC-538_2.wav,32.44
3a22b,3a22b_EN-OL-RC-234_1.wav,58.48
4a26c,4a26c_EN-OL-RC-426_1.wav,17.19
4a30c,4a30c_EN-OL-RC-426_2.wav,14.29
4a30c,4a30c_EN-OL-RC-426_1.wav,16.27
5d24c,5d24c_EN-OL-RC-538_1.wav,36.42
3c8g,3c8g_EN-OL-RC-234_2.wav,80.62
5a51f,5a51f_EN-OL-RC-538_1.wav,12.52
4b35c,4b35c_EN-OL-RC-426_2.wav,13.82
4b45g,4b45g_EN-OL-RC-426_2.wav,60.33
5b9b,5b9b_EN-OL-RC-538_1.wav,19.27
3a54g,3a54g_EN-OL-RC-234_2.wav,18.57
4c27g,4c27g_EN-OL-RC-426_2.wav,20.51
3a37c,3a37c_EN-OL-RC-234_1.wav,17.95
5b13a,5b13a_EN-OL-RC-538_2.wav,19.85
4b10c,4b10c_EN-OL-RC-426_1.wav,9.27
5b25f,5b25f_EN-OL-RC-538_1.wav,30.04
4c3b,4c3b_EN-OL-RC-426_1.wav,40.58
4b1f,4b1f_EN-OL-RC-426_1.wav,4.0
4a18c,4a18c_EN-OL-RC-426_2.wav,15.48
3b16g,3b16g_EN-OL-RC-234_2.wav,20.27
3b16g,3b16g_EN-OL-RC-234_1.wav,20.16
5c7c,5c7c_EN-OL-RC-538_2.wav,31.46
5c7c,5c7c_EN-OL-RC-538_1.wav,31.39
5a2k,5a2k_EN-OL-RC-538_1.wav,77.41
4a47a,4a47a_EN-OL-RC-426_1.wav,43.49
4a47a,4a47a_EN-OL-RC-426_2.wav,57.22
3a35a,3a35a_EN-OL-RC-234_1.wav,19.23
5a20j,5a20j_EN-OL-RC-538_1.wav,13.03
5a20c,5a20c_EN-OL-RC-538_1.wav,34.29
5a20c,5a20c_EN-OL-RC-538_2.wav,42.65
5b4k,5b4k_EN-OL-RC-538_2.wav,16.68
5b4k,5b4k_EN-OL-RC-538_1.wav,12.07
5b4a,5b4a_EN-OL-RC-538_1.wav,23.6
5b36f,5b36f_EN-OL-RC-538_2.wav,35.3
5c11g,5c11g_EN-OL-RC-538_2.wav,16.12
3c27g,3c27g_EN-OL-RC-234_2.wav,25.96
3c27g,3c27g_EN-OL-RC-234_1.wav,24.31
3b24c,3b24c_EN-OL-RC-234_2.wav,13.63
3b24c,3b24c_EN-OL-RC-234_1.wav,13.19
4b20k,4b20k_EN-OL-RC-426_1.wav,12.64
4b20k,4b20k_EN-OL-RC-426_2.wav,12.58
5a51j,5a51j_EN-OL-RC-538_2.wav,13.37
5a51j,5a51j_EN-OL-RC-538_1.wav,10.24
3b52k,3b52k_EN-OL-RC-234_2.wav,25.33
3b52k,3b52k_EN-OL-RC-234_1.wav,18.0
5a35f,5a35f_EN-OL-RC-538_1.wav,12.06
5a35f,5a35f_EN-OL-RC-538_2.wav,14.09
4b45b,4b45b_EN-OL-RC-426_2.wav,17.67
3b22f,3b22f_EN-OL-RC-234_2.wav,59.4
3b22f,3b22f_EN-OL-RC-234_1.wav,49.08
5b31k,5b31k_EN-OL-RC-538_2.wav,10.23
3a2h,3a2h_EN-OL-RC-234_2.wav,22.43
4c20b,4c20b_EN-OL-RC-426_2.wav,33.3
4d29c,4d29c_EN-OL-RC-426_1.wav,4.86
4d29c,4d29c_EN-OL-RC-426_2.wav,5.43
3a7c,3a7c_EN-OL-RC-234_1.wav,18.46
3a7c,3a7c_EN-OL-RC-234_2.wav,21.08
5b51c,5b51c_EN-OL-RC-538_1.wav,18.42
5b51c,5b51c_EN-OL-RC-538_2.wav,15.03
3a23e,3a23e_EN-OL-RC-234_2.wav,61.29
4d37g,4d37g_EN-OL-RC-426_2.wav,16.9
4d37g,4d37g_EN-OL-RC-426_1.wav,15.44
3d27c,3d27c_EN-OL-RC-234_2.wav,2.63
5a25h,5a25h_EN-OL-RC-538_1.wav,12.22
5a25h,5a25h_EN-OL-RC-538_2.wav,12.0
5b6c,5b6c_EN-OL-RC-538_1.wav,18.57
5b6c,5b6c_EN-OL-RC-538_2.wav,18.88
4a5k,4a5k_EN-OL-RC-426_2.wav,12.46
3b18e,3b18e_EN-OL-RC-234_1.wav,34.87
4d16c,4d16c_EN-OL-RC-426_2.wav,11.77
4d16c,4d16c_EN-OL-RC-426_1.wav,11.04
3a12b,3a12b_EN-OL-RC-234_1.wav,49.34
3a12b,3a12b_EN-OL-RC-234_2.wav,53.36
4d49g,4d49g_EN-OL-RC-426_2.wav,7.46
5b45a,5b45a_EN-OL-RC-538_1.wav,18.79
3a44f,3a44f_EN-OL-RC-234_2.wav,48.16
3a44f,3a44f_EN-OL-RC-234_1.wav,34.84
5a23c,5a23c_EN-OL-RC-538_2.wav,32.0
5a23c,5a23c_EN-OL-RC-538_1.wav,29.06
4b18a,4b18a_EN-OL-RC-426_2.wav,21.29
4b18a,4b18a_EN-OL-RC-426_1.wav,18.1
4a20b,4a20b_EN-OL-RC-426_2.wav,32.91
5b12c,5b12c_EN-OL-RC-538_2.wav,18.27
5b12c,5b12c_EN-OL-RC-538_1.wav,16.91
5a4b,5a4b_EN-OL-RC-538_2.wav,16.94
5a4b,5a4b_EN-OL-RC-538_1.wav,15.77
3b33h,3b33h_EN-OL-RC-234_2.wav,25.88
3b33h,3b33h_EN-OL-RC-234_1.wav,19.0
5c17c,5c17c_EN-OL-RC-538_1.wav,46.28
3c9c,3c9c_EN-OL-RC-234_1.wav,9.77
4a13c,4a13c_EN-OL-RC-426_1.wav,12.17
4a1c,4a1c_EN-OL-RC-426_1.wav,11.33
3c37a,3c37a_EN-OL-RC-234_1.wav,8.44
3c37a,3c37a_EN-OL-RC-234_2.wav,15.09
5c26c,5c26c_EN-OL-RC-538_1.wav,51.22
5c26c,5c26c_EN-OL-RC-538_2.wav,72.24
4c13a,4c13a_EN-OL-RC-426_2.wav,14.45
4a12g,4a12g_EN-OL-RC-426_2.wav,15.96
3a36f,3a36f_EN-OL-RC-234_1.wav,70.85
3d60g,3d60g_EN-OL-RC-234_2.wav,16.74
3d60g,3d60g_EN-OL-RC-234_1.wav,13.96
3b44a,3b44a_EN-OL-RC-234_1.wav,11.07
3b44a,3b44a_EN-OL-RC-234_2.wav,13.85
5b8b,5b8b_EN-OL-RC-538_1.wav,16.48
3b11k,3b11k_EN-OL-RC-234_2.wav,32.18
3a48g,3a48g_EN-OL-RC-234_2.wav,16.77
3a48g,3a48g_EN-OL-RC-234_1.wav,14.86
4b24g,4b24g_EN-OL-RC-426_1.wav,28.97
4b39b,4b39b_EN-OL-RC-426_2.wav,13.26
5b30a,5b30a_EN-OL-RC-538_2.wav,13.65
5b30a,5b30a_EN-OL-RC-538_1.wav,11.7
4b6a,4b6a_EN-OL-RC-426_2.wav,13.73
5b27a,5b27a_EN-OL-RC-538_1.wav,28.07
5b27a,5b27a_EN-OL-RC-538_2.wav,24.17
3c26a,3c26a_EN-OL-RC-234_2.wav,13.69
4b42g,4b42g_EN-OL-RC-426_1.wav,27.0
4a10a,4a10a_EN-OL-RC-426_1.wav,22.33
5a23k,5a23k_EN-OL-RC-538_2.wav,49.29
5a23k,5a23k_EN-OL-RC-538_1.wav,26.17
5d30g,5d30g_EN-OL-RC-538_1.wav,13.77
5d30g,5d30g_EN-OL-RC-538_2.wav,14.1
3b44f,3b44f_EN-OL-RC-234_1.wav,25.71
3a20f,3a20f_EN-OL-RC-234_1.wav,86.35
3a16a,3a16a_EN-OL-RC-234_2.wav,20.3
3a16a,3a16a_EN-OL-RC-234_1.wav,17.56
3b51g,3b51g_EN-OL-RC-234_2.wav,2.88
4c2b,4c2b_EN-OL-RC-426_1.wav,40.9
3a9a,3a9a_EN-OL-RC-234_2.wav,28.45
5a45j,5a45j_EN-OL-RC-538_1.wav,10.42
5d29g,5d29g_EN-OL-RC-538_2.wav,17.62
5d29g,5d29g_EN-OL-RC-538_1.wav,17.0
5b21c,5b21c_EN-OL-RC-538_1.wav,22.4
4b5b,4b5b_EN-OL-RC-426_1.wav,15.51
5a42k,5a42k_EN-OL-RC-538_2.wav,60.87
4c39g,4c39g_EN-OL-RC-426_1.wav,12.56
4c39g,4c39g_EN-OL-RC-426_2.wav,10.71
3b35g,3b35g_EN-OL-RC-234_1.wav,19.21
3b35g,3b35g_EN-OL-RC-234_2.wav,20.75
3a30b,3a30b_EN-OL-RC-234_2.wav,50.21
5b15a,5b15a_EN-OL-RC-538_1.wav,14.3
5b15a,5b15a_EN-OL-RC-538_2.wav,16.55
5b22g,5b22g_EN-OL-RC-538_2.wav,22.8
5b22g,5b22g_EN-OL-RC-538_1.wav,21.38
4a14b,4a14b_EN-OL-RC-426_2.wav,27.33
3c45b,3c45b_EN-OL-RC-234_2.wav,27.12
5a30d,5a30d_EN-OL-RC-538_1.wav,100.0
5a9a,5a9a_EN-OL-RC-538_2.wav,19.22
5a9a,5a9a_EN-OL-RC-538_1.wav,13.62
5a25a,5a25a_EN-OL-RC-538_1.wav,28.8
4b10a,4b10a_EN-OL-RC-426_2.wav,16.04
4b10a,4b10a_EN-OL-RC-426_1.wav,17.88
5c50c,5c50c_EN-OL-RC-538_2.wav,75.17
4a23a,4a23a_EN-OL-RC-426_2.wav,20.98
4b13c,4b13c_EN-OL-RC-426_2.wav,6.58
3a26k,3a26k_EN-OL-RC-234_1.wav,21.38
3a18e,3a18e_EN-OL-RC-234_2.wav,12.56
3a15g,3a15g_EN-OL-RC-234_1.wav,26.76
5a15c,5a15c_EN-OL-RC-538_2.wav,12.66
5a15c,5a15c_EN-OL-RC-538_1.wav,13.38
5b8k,5b8k_EN-OL-RC-538_2.wav,19.04
3a22c,3a22c_EN-OL-RC-234_2.wav,11.0
3a22c,3a22c_EN-OL-RC-234_1.wav,10.94
3a33f,3a33f_EN-OL-RC-234_1.wav,54.62
3a33f,3a33f_EN-OL-RC-234_2.wav,60.31
3a14g,3a14g_EN-OL-RC-234_1.wav,24.56
3a14g,3a14g_EN-OL-RC-234_2.wav,27.86
4a7c,4a7c_EN-OL-RC-426_2.wav,12.63
5a30a,5a30a_EN-OL-RC-538_2.wav,27.87
5a30a,5a30a_EN-OL-RC-538_1.wav,21.63
3d15g,3d15g_EN-OL-RC-234_2.wav,17.2
4a12f,4a12f_EN-OL-RC-426_1.wav,14.6
4c32g,4c32g_EN-OL-RC-426_2.wav,24.7
3d36g,3d36g_EN-OL-RC-234_2.wav,19.6
3d36g,3d36g_EN-OL-RC-234_1.wav,16.78
4b24c,4b24c_EN-OL-RC-426_2.wav,13.34
4b24c,4b24c_EN-OL-RC-426_1.wav,12.23
3d59g,3d59g_EN-OL-RC-234_2.wav,21.93
3d59g,3d59g_EN-OL-RC-234_1.wav,19.62
3c38c,3c38c_EN-OL-RC-234_2.wav,8.24
3b21a,3b21a_EN-OL-RC-234_2.wav,11.71
4d38g,4d38g_EN-OL-RC-426_1.wav,1.42
5a23b,5a23b_EN-OL-RC-538_2.wav,8.2
3a1f,3a1f_EN-OL-RC-234_1.wav,43.03
3a1f,3a1f_EN-OL-RC-234_2.wav,50.88
5a32f,5a32f_EN-OL-RC-538_2.wav,15.38
5a32f,5a32f_EN-OL-RC-538_1.wav,15.28
4b2k,4b2k_EN-OL-RC-426_1.wav,17.69
5b54f,5b54f_EN-OL-RC-538_1.wav,25.89
5b54f,5b54f_EN-OL-RC-538_2.wav,25.77
5c52c,5c52c_EN-OL-RC-538_2.wav,35.5
3a21c,3a21c_EN-OL-RC-234_2.wav,11.65
3a21c,3a21c_EN-OL-RC-234_1.wav,12.05
4b3k,4b3k_EN-OL-RC-426_1.wav,14.51
5a33j,5a33j_EN-OL-RC-538_1.wav,5.74
3a2b,3a2b_EN-OL-RC-234_1.wav,23.89
4a24a,4a24a_EN-OL-RC-426_2.wav,14.43
4a24a,4a24a_EN-OL-RC-426_1.wav,17.05
4c27b,4c27b_EN-OL-RC-426_1.wav,24.14
4b28a,4b28a_EN-OL-RC-426_2.wav,12.37
5b43a,5b43a_EN-OL-RC-538_1.wav,13.84
5b43a,5b43a_EN-OL-RC-538_2.wav,14.32
5d29c,5d29c_EN-OL-RC-538_2.wav,25.32
3d15c,3d15c_EN-OL-RC-234_2.wav,14.19
3d15c,3d15c_EN-OL-RC-234_1.wav,13.62
5c30a,5c30a_EN-OL-RC-538_1.wav,18.46
5c30a,5c30a_EN-OL-RC-538_2.wav,24.32
3c36c,3c36c_EN-OL-RC-234_2.wav,13.36
5a32c,5a32c_EN-OL-RC-538_2.wav,44.76
5a32c,5a32c_EN-OL-RC-538_1.wav,41.52
3d14c,3d14c_EN-OL-RC-234_1.wav,18.38
5d13c,5d13c_EN-OL-RC-538_2.wav,42.8
4b35g,4b35g_EN-OL-RC-426_2.wav,29.64
4b35g,4b35g_EN-OL-RC-426_1.wav,29.67
5a14k,5a14k_EN-OL-RC-538_1.wav,92.26
3a11g,3a11g_EN-OL-RC-234_1.wav,18.67
3a38g,3a38g_EN-OL-RC-234_1.wav,35.21
5a35b,5a35b_EN-OL-RC-538_1.wav,11.7
5a25c,5a25c_EN-OL-RC-538_2.wav,52.76
3c29c,3c29c_EN-OL-RC-234_2.wav,7.4
3d16c,3d16c_EN-OL-RC-234_1.wav,11.43
3b10k,3b10k_EN-OL-RC-234_1.wav,19.55
3d3c,3d3c_EN-OL-RC-234_2.wav,8.84
5d26c,5d26c_EN-OL-RC-538_2.wav,45.52
4a30d,4a30d_EN-OL-RC-426_2.wav,88.88
3a7b,3a7b_EN-OL-RC-234_2.wav,47.2
3a7b,3a7b_EN-OL-RC-234_1.wav,40.87
4c33g,4c33g_EN-OL-RC-426_2.wav,22.37
4c33g,4c33g_EN-OL-RC-426_1.wav,19.2
3a38c,3a38c_EN-OL-RC-234_2.wav,16.48
4a15b,4a15b_EN-OL-RC-426_2.wav,29.62
4a15b,4a15b_EN-OL-RC-426_1.wav,25.41
3a40g,3a40g_EN-OL-RC-234_2.wav,14.32
5a17a,5a17a_EN-OL-RC-538_1.wav,18.62
5a17a,5a17a_EN-OL-RC-538_2.wav,22.65
4a27h,4a27h_EN-OL-RC-426_1.wav,10.24
4b27a,4b27a_EN-OL-RC-426_2.wav,15.0
4b27a,4b27a_EN-OL-RC-426_1.wav,17.19
4b33g,4b33g_EN-OL-RC-426_1.wav,24.83
4b33g,4b33g_EN-OL-RC-426_2.wav,17.75
5a29h,5a29h_EN-OL-RC-538_2.wav,17.87
5a29h,5a29h_EN-OL-RC-538_1.wav,19.0
5b36k,5b36k_EN-OL-RC-538_1.wav,16.27
5b36k,5b36k_EN-OL-RC-538_2.wav,15.67
5d32c,5d32c_EN-OL-RC-538_1.wav,34.16
3a37a,3a37a_EN-OL-RC-234_2.wav,9.31
5a11f,5a11f_EN-OL-RC-538_2.wav,19.37
5a11f,5a11f_EN-OL-RC-538_1.wav,17.17
3a41g,3a41g_EN-OL-RC-234_1.wav,20.26
3b23c,3b23c_EN-OL-RC-234_1.wav,16.77
5d40c,5d40c_EN-OL-RC-538_1.wav,43.22
5d40c,5d40c_EN-OL-RC-538_2.wav,38.03
4a18f,4a18f_EN-OL-RC-426_1.wav,27.19
4a18f,4a18f_EN-OL-RC-426_2.wav,30.9
4a42f,4a42f_EN-OL-RC-426_1.wav,29.96
4a42f,4a42f_EN-OL-RC-426_2.wav,50.58
3d28g,3d28g_EN-OL-RC-234_2.wav,13.16
3b2f,3b2f_EN-OL-RC-234_2.wav,21.32
3a1k,3a1k_EN-OL-RC-234_1.wav,10.77
3a1k,3a1k_EN-OL-RC-234_2.wav,12.0
4a42h,4a42h_EN-OL-RC-426_2.wav,12.52
4a42h,4a42h_EN-OL-RC-426_1.wav,14.76
4b15b,4b15b_EN-OL-RC-426_1.wav,15.65
3b33a,3b33a_EN-OL-RC-234_2.wav,19.77
4b21a,4b21a_EN-OL-RC-426_1.wav,17.35
5c24c,5c24c_EN-OL-RC-538_1.wav,82.58
3b46b,3b46b_EN-OL-RC-234_2.wav,39.53
3b46b,3b46b_EN-OL-RC-234_1.wav,28.5
5a1c,5a1c_EN-OL-RC-538_2.wav,55.33
5a18h,5a18h_EN-OL-RC-538_2.wav,19.02
5a18h,5a18h_EN-OL-RC-538_1.wav,15.0
4a15g,4a15g_EN-OL-RC-426_1.wav,16.71
3d32c,3d32c_EN-OL-RC-234_2.wav,9.88
3d32c,3d32c_EN-OL-RC-234_1.wav,13.58
3a29c,3a29c_EN-OL-RC-234_1.wav,16.43
5d15c,5d15c_EN-OL-RC-538_1.wav,37.58
4d42c,4d42c_EN-OL-RC-426_1.wav,4.89
4d42c,4d42c_EN-OL-RC-426_2.wav,5.71
5d9g,5d9g_EN-OL-RC-538_2.wav,13.0
4a8h,4a8h_EN-OL-RC-426_2.wav,14.19
4a8h,4a8h_EN-OL-RC-426_1.wav,15.22
3b12f,3b12f_EN-OL-RC-234_1.wav,28.18
5a16k,5a16k_EN-OL-RC-538_2.wav,34.96
5a16k,5a16k_EN-OL-RC-538_1.wav,28.59
4c44g,4c44g_EN-OL-RC-426_2.wav,22.33
4c44g,4c44g_EN-OL-RC-426_1.wav,19.02
4b23b,4b23b_EN-OL-RC-426_1.wav,15.34
5c11c,5c11c_EN-OL-RC-538_2.wav,35.58
5c11c,5c11c_EN-OL-RC-538_1.wav,36.5
5b18c,5b18c_EN-OL-RC-538_1.wav,18.59
5a44k,5a44k_EN-OL-RC-538_2.wav,81.45
5a44k,5a44k_EN-OL-RC-538_1.wav,63.45
3a42k,3a42k_EN-OL-RC-234_1.wav,30.04
5b47g,5b47g_EN-OL-RC-538_2.wav,20.03
4c22b,4c22b_EN-OL-RC-426_1.wav,26.49
4b19g,4b19g_EN-OL-RC-426_2.wav,26.58
4b19g,4b19g_EN-OL-RC-426_1.wav,27.29
5b37c,5b37c_EN-OL-RC-538_2.wav,22.1
5b37c,5b37c_EN-OL-RC-538_1.wav,19.23
3b7g,3b7g_EN-OL-RC-234_1.wav,13.91
3b7g,3b7g_EN-OL-RC-234_2.wav,16.42
3b15c,3b15c_EN-OL-RC-234_1.wav,21.43
3b15c,3b15c_EN-OL-RC-234_2.wav,21.67
5a8k,5a8k_EN-OL-RC-538_1.wav,60.07
5a8k,5a8k_EN-OL-RC-538_2.wav,59.84
4b34g,4b34g_EN-OL-RC-426_1.wav,25.74
4d44g,4d44g_EN-OL-RC-426_2.wav,8.29
4d44g,4d44g_EN-OL-RC-426_1.wav,10.27
4b37k,4b37k_EN-OL-RC-426_1.wav,17.14
3a4a,3a4a_EN-OL-RC-234_2.wav,8.08
3a4a,3a4a_EN-OL-RC-234_1.wav,6.15
5b40g,5b40g_EN-OL-RC-538_1.wav,29.82
5b40g,5b40g_EN-OL-RC-538_2.wav,29.91
3b14k,3b14k_EN-OL-RC-234_2.wav,25.63
3b33g,3b33g_EN-OL-RC-234_2.wav,9.83
4d46g,4d46g_EN-OL-RC-426_2.wav,0.4
4d46g,4d46g_EN-OL-RC-426_1.wav,-1.48
4b14a,4b14a_EN-OL-RC-426_1.wav,21.42
4b17a,4b17a_EN-OL-RC-426_2.wav,10.02
5c25c,5c25c_EN-OL-RC-538_2.wav,75.86
4d3c,4d3c_EN-OL-RC-426_1.wav,9.94
4d3c,4d3c_EN-OL-RC-426_2.wav,10.5
4b22a,4b22a_EN-OL-RC-426_1.wav,24.82
5b20g,5b20g_EN-OL-RC-538_1.wav,14.19
4c42b,4c42b_EN-OL-RC-426_1.wav,25.19
4a42k,4a42k_EN-OL-RC-426_2.wav,13.14
5d1c,5d1c_EN-OL-RC-538_2.wav,36.93
4b40c,4b40c_EN-OL-RC-426_2.wav,8.67
5a38k,5a38k_EN-OL-RC-538_2.wav,74.61
5a38k,5a38k_EN-OL-RC-538_1.wav,73.21
5a29c,5a29c_EN-OL-RC-538_1.wav,25.64
5a29c,5a29c_EN-OL-RC-538_2.wav,33.6
4b12b,4b12b_EN-OL-RC-426_2.wav,19.42
3b49f,3b49f_EN-OL-RC-234_2.wav,11.94
3b49f,3b49f_EN-OL-RC-234_1.wav,10.7
5a2j,5a2j_EN-OL-RC-538_1.wav,17.55
5b16c,5b16c_EN-OL-RC-538_2.wav,12.31
5b16c,5b16c_EN-OL-RC-538_1.wav,12.23
3b29a,3b29a_EN-OL-RC-234_1.wav,17.64
4a16c,4a16c_EN-OL-RC-426_2.wav,11.81
4b15g,4b15g_EN-OL-RC-426_2.wav,15.07
4b15g,4b15g_EN-OL-RC-426_1.wav,18.94
3a37g,3a37g_EN-OL-RC-234_1.wav,17.18
3a37g,3a37g_EN-OL-RC-234_2.wav,19.81
5b16f,5b16f_EN-OL-RC-538_1.wav,23.17
5a19c,5a19c_EN-OL-RC-538_1.wav,26.61
5a19c,5a19c_EN-OL-RC-538_2.wav,36.06
4a20g,4a20g_EN-OL-RC-426_2.wav,17.32
4b32k,4b32k_EN-OL-RC-426_2.wav,29.28
3c34c,3c34c_EN-OL-RC-234_2.wav,6.83
3c34c,3c34c_EN-OL-RC-234_1.wav,5.24
3a21b,3a21b_EN-OL-RC-234_2.wav,91.75
5a20k,5a20k_EN-OL-RC-538_2.wav,40.62
5a33a,5a33a_EN-OL-RC-538_1.wav,16.3
5a31g,5a31g_EN-OL-RC-538_2.wav,9.15
4a1g,4a1g_EN-OL-RC-426_2.wav,13.53
4a1g,4a1g_EN-OL-RC-426_1.wav,14.03
5a13a,5a13a_EN-OL-RC-538_2.wav,29.78
5a13a,5a13a_EN-OL-RC-538_1.wav,30.34
